Reach,Sampling Buckets,Per-query Epsilons,Error
500000,1,0.001,37.973528
500000,1,0.002,40.174084
500000,1,0.004,47.060932
500000,1,0.006,26.797859
500000,1,0.008,20.215125
500000,1,0.01,9.689773
500000,1,0.02,1.949851
500000,1,0.03,1.399485
500000,1,0.04,0.973015
500000,1,0.05,0.757119
500000,1,0.06,0.675470
500000,1,0.08,0.482820
500000,1,0.10,0.382699
500000,1,0.12,0.341353
500000,1,0.14,0.304920
500000,1,0.15,0.288696
500000,1,0.16,0.253272
500000,1,0.18,0.246798
500000,1,0.20,0.230783
500000,1,0.25,0.200622
500000,1,0.30,0.175220
500000,1,0.35,0.174120
500000,1,0.40,0.155083
500000,1,0.50,0.155688
500000,1,0.60,0.143418
500000,1,0.80,0.142317
500000,1,1.00,0.133958
500000,2,0.001,37.870120
500000,2,0.002,39.803865
500000,2,0.004,30.495621
500000,2,0.006,43.014561
500000,2,0.008,24.502197
500000,2,0.01,11.573993
500000,2,0.02,2.221596
500000,2,0.03,1.199048
500000,2,0.04,1.012795
500000,2,0.05,0.736610
500000,2,0.06,0.609146
500000,2,0.08,0.487993
500000,2,0.10,0.399749
500000,2,0.12,0.304566
500000,2,0.14,0.310178
500000,2,0.15,0.274212
500000,2,0.16,0.249482
500000,2,0.18,0.229755
500000,2,0.20,0.233805
500000,2,0.25,0.196097
500000,2,0.30,0.168734
500000,2,0.35,0.165018
500000,2,0.40,0.150947
500000,2,0.50,0.143805
500000,2,0.60,0.139414
500000,2,0.80,0.142411
500000,2,1.00,0.133928
500000,5,0.001,36.496299
500000,5,0.002,34.287595
500000,5,0.004,38.935244
500000,5,0.006,31.690203
500000,5,0.008,14.981729
500000,5,0.01,11.741211
500000,5,0.02,2.220961
500000,5,0.03,1.431471
500000,5,0.04,0.926193
500000,5,0.05,0.806611
500000,5,0.06,0.668177
500000,5,0.08,0.472755
500000,5,0.10,0.399554
500000,5,0.12,0.367669
500000,5,0.14,0.279713
500000,5,0.15,0.276613
500000,5,0.16,0.242307
500000,5,0.18,0.260701
500000,5,0.20,0.213613
500000,5,0.25,0.205972
500000,5,0.30,0.192018
500000,5,0.35,0.172195
500000,5,0.40,0.160086
500000,5,0.50,0.153608
500000,5,0.60,0.149424
500000,5,0.80,0.143619
500000,5,1.00,0.136367
500000,10,0.001,37.010652
500000,10,0.002,26.805660
500000,10,0.004,34.199945
500000,10,0.006,23.447355
500000,10,0.008,14.798412
500000,10,0.01,12.496905
500000,10,0.02,1.999317
500000,10,0.03,1.200635
500000,10,0.04,0.884838
500000,10,0.05,0.685635
500000,10,0.06,0.617642
500000,10,0.08,0.487959
500000,10,0.10,0.409470
500000,10,0.12,0.326167
500000,10,0.14,0.295010
500000,10,0.15,0.259477
500000,10,0.16,0.270161
500000,10,0.18,0.237833
500000,10,0.20,0.236078
500000,10,0.25,0.201792
500000,10,0.30,0.179839
500000,10,0.35,0.177006
500000,10,0.40,0.163860
500000,10,0.50,0.157956
500000,10,0.60,0.159346
500000,10,0.80,0.145126
500000,10,1.00,0.141538
500000,20,0.001,34.607427
500000,20,0.002,30.903640
500000,20,0.004,35.514852
500000,20,0.006,31.331324
500000,20,0.008,18.572269
500000,20,0.01,10.174414
500000,20,0.02,2.379718
500000,20,0.03,1.393618
500000,20,0.04,0.970011
500000,20,0.05,0.745433
500000,20,0.06,0.659042
500000,20,0.08,0.495888
500000,20,0.10,0.373068
500000,20,0.12,0.334646
500000,20,0.14,0.299563
500000,20,0.15,0.258534
500000,20,0.16,0.232830
500000,20,0.18,0.241185
500000,20,0.20,0.217599
500000,20,0.25,0.182799
500000,20,0.30,0.188795
500000,20,0.35,0.166035
500000,20,0.40,0.164165
500000,20,0.50,0.140517
500000,20,0.60,0.142691
500000,20,0.80,0.140582
500000,20,1.00,0.144565
500000,30,0.001,40.374961
500000,30,0.002,30.392431
500000,30,0.004,37.022484
500000,30,0.006,35.980880
500000,30,0.008,18.908025
500000,30,0.01,7.340164
500000,30,0.02,2.011806
500000,30,0.03,1.221997
500000,30,0.04,0.895103
500000,30,0.05,0.825876
500000,30,0.06,0.639274
500000,30,0.08,0.464582
500000,30,0.10,0.401853
500000,30,0.12,0.325216
500000,30,0.14,0.278059
500000,30,0.15,0.297253
500000,30,0.16,0.274356
500000,30,0.18,0.223081
500000,30,0.20,0.213858
500000,30,0.25,0.197105
500000,30,0.30,0.176614
500000,30,0.35,0.161458
500000,30,0.40,0.161239
500000,30,0.50,0.153214
500000,30,0.60,0.139234
500000,30,0.80,0.138153
500000,30,1.00,0.137814
500000,40,0.001,55.679384
500000,40,0.002,37.051228
500000,40,0.004,30.442100
500000,40,0.006,34.820772
500000,40,0.008,12.802592
500000,40,0.01,8.357320
500000,40,0.02,2.520998
500000,40,0.03,1.349389
500000,40,0.04,0.878889
500000,40,0.05,0.736044
500000,40,0.06,0.624713
500000,40,0.08,0.481418
500000,40,0.10,0.420342
500000,40,0.12,0.337424
500000,40,0.14,0.302026
500000,40,0.15,0.277917
500000,40,0.16,0.281727
500000,40,0.18,0.226807
500000,40,0.20,0.224120
500000,40,0.25,0.191128
500000,40,0.30,0.177858
500000,40,0.35,0.173825
500000,40,0.40,0.159239
500000,40,0.50,0.159163
500000,40,0.60,0.148961
500000,40,0.80,0.139199
500000,40,1.00,0.137737
500000,50,0.001,36.345876
500000,50,0.002,30.282006
500000,50,0.004,34.594012
500000,50,0.006,36.435340
500000,50,0.008,17.642974
500000,50,0.01,10.685709
500000,50,0.02,1.895037
500000,50,0.03,1.307952
500000,50,0.04,0.920965
500000,50,0.05,0.742230
500000,50,0.06,0.643531
500000,50,0.08,0.449098
500000,50,0.10,0.384646
500000,50,0.12,0.354534
500000,50,0.14,0.281550
500000,50,0.15,0.300392
500000,50,0.16,0.280539
500000,50,0.18,0.247931
500000,50,0.20,0.219098
500000,50,0.25,0.205030
500000,50,0.30,0.194230
500000,50,0.35,0.178195
500000,50,0.40,0.178636
500000,50,0.50,0.163549
500000,50,0.60,0.159760
500000,50,0.80,0.149547
500000,50,1.00,0.149174
500000,75,0.001,30.207033
500000,75,0.002,50.413908
500000,75,0.004,30.273681
500000,75,0.006,25.839212
500000,75,0.008,16.401444
500000,75,0.01,10.498468
500000,75,0.02,2.152647
500000,75,0.03,1.498212
500000,75,0.04,0.910533
500000,75,0.05,0.759875
500000,75,0.06,0.635648
500000,75,0.08,0.492310
500000,75,0.10,0.370553
500000,75,0.12,0.371845
500000,75,0.14,0.313735
500000,75,0.15,0.261510
500000,75,0.16,0.256961
500000,75,0.18,0.232002
500000,75,0.20,0.228856
500000,75,0.25,0.199119
500000,75,0.30,0.190899
500000,75,0.35,0.171321
500000,75,0.40,0.165903
500000,75,0.50,0.157981
500000,75,0.60,0.157025
500000,75,0.80,0.152352
500000,75,1.00,0.148060
500000,100,0.001,36.388741
500000,100,0.002,32.399700
500000,100,0.004,30.225120
500000,100,0.006,25.797457
500000,100,0.008,21.519934
500000,100,0.01,8.542482
500000,100,0.02,2.210105
500000,100,0.03,1.380108
500000,100,0.04,0.939730
500000,100,0.05,0.707386
500000,100,0.06,0.651113
500000,100,0.08,0.454623
500000,100,0.10,0.374205
500000,100,0.12,0.312056
500000,100,0.14,0.300025
500000,100,0.15,0.288751
500000,100,0.16,0.238790
500000,100,0.18,0.262881
500000,100,0.20,0.245996
500000,100,0.25,0.191239
500000,100,0.30,0.177321
500000,100,0.35,0.167918
500000,100,0.40,0.171326
500000,100,0.50,0.163180
500000,100,0.60,0.149817
500000,100,0.80,0.149768
500000,100,1.00,0.147662
500000,150,0.001,34.208025
500000,150,0.002,40.183615
500000,150,0.004,31.442132
500000,150,0.006,27.769340
500000,150,0.008,15.231617
500000,150,0.01,11.844233
500000,150,0.02,2.048979
500000,150,0.03,1.418471
500000,150,0.04,1.113752
500000,150,0.05,0.787775
500000,150,0.06,0.683064
500000,150,0.08,0.488313
500000,150,0.10,0.383222
500000,150,0.12,0.370169
500000,150,0.14,0.305616
500000,150,0.15,0.295446
500000,150,0.16,0.267080
500000,150,0.18,0.244107
500000,150,0.20,0.227703
500000,150,0.25,0.212105
500000,150,0.30,0.187125
500000,150,0.35,0.163015
500000,150,0.40,0.167502
500000,150,0.50,0.167716
500000,150,0.60,0.152164
500000,150,0.80,0.153655
500000,150,1.00,0.146270
500000,200,0.001,38.181517
500000,200,0.002,42.815941
500000,200,0.004,42.049663
500000,200,0.006,40.027730
500000,200,0.008,16.474593
500000,200,0.01,13.687643
500000,200,0.02,1.969842
500000,200,0.03,1.543445
500000,200,0.04,0.937369
500000,200,0.05,0.830700
500000,200,0.06,0.682175
500000,200,0.08,0.535503
500000,200,0.10,0.436701
500000,200,0.12,0.339400
500000,200,0.14,0.333056
500000,200,0.15,0.278121
500000,200,0.16,0.270261
500000,200,0.18,0.264160
500000,200,0.20,0.238077
500000,200,0.25,0.223014
500000,200,0.30,0.195807
500000,200,0.35,0.186554
500000,200,0.40,0.177401
500000,200,0.50,0.165685
500000,200,0.60,0.165119
500000,200,0.80,0.151393
500000,200,1.00,0.152587
500000,250,0.001,26.521702
500000,250,0.002,37.001202
500000,250,0.004,39.076163
500000,250,0.006,34.120652
500000,250,0.008,18.301260
500000,250,0.01,9.613915
500000,250,0.02,2.890245
500000,250,0.03,1.454893
500000,250,0.04,1.092874
500000,250,0.05,0.916966
500000,250,0.06,0.709979
500000,250,0.08,0.528591
500000,250,0.10,0.431826
500000,250,0.12,0.371852
500000,250,0.14,0.321993
500000,250,0.15,0.309400
500000,250,0.16,0.302514
500000,250,0.18,0.281505
500000,250,0.20,0.248018
500000,250,0.25,0.233134
500000,250,0.30,0.205982
500000,250,0.35,0.199810
500000,250,0.40,0.189960
500000,250,0.50,0.178704
500000,250,0.60,0.157071
500000,250,0.80,0.160791
500000,250,1.00,0.157168
500000,300,0.001,39.266053
500000,300,0.002,49.267605
500000,300,0.004,36.106377
500000,300,0.006,44.040329
500000,300,0.008,22.033103
500000,300,0.01,16.696719
500000,300,0.02,3.140899
500000,300,0.03,1.723653
500000,300,0.04,1.153192
500000,300,0.05,0.966435
500000,300,0.06,0.847294
500000,300,0.08,0.591107
500000,300,0.10,0.460463
500000,300,0.12,0.378654
500000,300,0.14,0.374735
500000,300,0.15,0.318245
500000,300,0.16,0.312400
500000,300,0.18,0.279464
500000,300,0.20,0.267438
500000,300,0.25,0.221448
500000,300,0.30,0.210584
500000,300,0.35,0.197365
500000,300,0.40,0.182566
500000,300,0.50,0.183507
500000,300,0.60,0.174134
500000,300,0.80,0.157675
500000,300,1.00,0.152443
500000,400,0.001,30.410904
500000,400,0.002,26.118510
500000,400,0.004,48.333294
500000,400,0.006,42.070775
500000,400,0.008,27.640347
500000,400,0.01,23.775114
500000,400,0.02,5.271884
500000,400,0.03,1.963444
500000,400,0.04,1.420571
500000,400,0.05,1.196387
500000,400,0.06,0.848759
500000,400,0.08,0.664762
500000,400,0.10,0.524323
500000,400,0.12,0.440933
500000,400,0.14,0.358110
500000,400,0.15,0.378450
500000,400,0.16,0.359553
500000,400,0.18,0.313847
500000,400,0.20,0.297034
500000,400,0.25,0.262462
500000,400,0.30,0.214489
500000,400,0.35,0.217551
500000,400,0.40,0.188390
500000,400,0.50,0.177703
500000,400,0.60,0.165667
500000,400,0.80,0.157532
500000,400,1.00,0.157741
500000,500,0.001,23.468234
500000,500,0.002,32.231191
500000,500,0.004,51.167353
500000,500,0.006,39.532631
500000,500,0.008,31.761762
500000,500,0.01,22.379294
500000,500,0.02,5.317836
500000,500,0.03,1.905805
500000,500,0.04,1.537485
500000,500,0.05,1.208211
500000,500,0.06,1.018810
500000,500,0.08,0.737169
500000,500,0.10,0.555678
500000,500,0.12,0.515881
500000,500,0.14,0.423759
500000,500,0.15,0.403178
500000,500,0.16,0.408111
500000,500,0.18,0.371321
500000,500,0.20,0.326926
500000,500,0.25,0.280463
500000,500,0.30,0.282933
500000,500,0.35,0.240034
500000,500,0.40,0.236431
500000,500,0.50,0.235266
500000,500,0.60,0.203238
500000,500,0.80,0.201200
500000,500,1.00,0.197790
500000,600,0.001,41.224975
500000,600,0.002,31.293577
500000,600,0.004,38.852675
500000,600,0.006,29.723281
500000,600,0.008,36.566036
500000,600,0.01,34.182349
500000,600,0.02,5.990881
500000,600,0.03,2.536269
500000,600,0.04,1.858768
500000,600,0.05,1.426836
500000,600,0.06,1.134068
500000,600,0.08,0.876870
500000,600,0.10,0.667473
500000,600,0.12,0.558340
500000,600,0.14,0.502196
500000,600,0.15,0.495369
500000,600,0.16,0.420543
500000,600,0.18,0.385292
500000,600,0.20,0.376893
500000,600,0.25,0.322861
500000,600,0.30,0.281179
500000,600,0.35,0.264500
500000,600,0.40,0.247743
500000,600,0.50,0.243459
500000,600,0.60,0.206098
500000,600,0.80,0.201175
500000,600,1.00,0.197557
500000,800,0.001,28.655179
500000,800,0.002,48.496838
500000,800,0.004,30.170469
500000,800,0.006,53.198036
500000,800,0.008,31.457129
500000,800,0.01,45.331323
500000,800,0.02,12.187615
500000,800,0.03,4.513059
500000,800,0.04,2.703833
500000,800,0.05,1.759618
500000,800,0.06,1.497956
500000,800,0.08,0.952421
500000,800,0.10,0.783926
500000,800,0.12,0.671636
500000,800,0.14,0.615068
500000,800,0.15,0.538670
500000,800,0.16,0.472836
500000,800,0.18,0.475531
500000,800,0.20,0.431102
500000,800,0.25,0.371190
500000,800,0.30,0.324628
500000,800,0.35,0.271087
500000,800,0.40,0.255704
500000,800,0.50,0.256800
500000,800,0.60,0.239940
500000,800,0.80,0.225553
500000,800,1.00,0.213047
500000,1000,0.001,30.922820
500000,1000,0.002,25.965697
500000,1000,0.004,42.298867
500000,1000,0.006,37.276169
500000,1000,0.008,36.125456
500000,1000,0.01,32.317493
500000,1000,0.02,19.904446
500000,1000,0.03,6.894558
500000,1000,0.04,3.765801
500000,1000,0.05,2.140844
500000,1000,0.06,1.690270
500000,1000,0.08,1.279972
500000,1000,0.10,0.923533
500000,1000,0.12,0.843927
500000,1000,0.14,0.728477
500000,1000,0.15,0.671675
500000,1000,0.16,0.622129
500000,1000,0.18,0.555464
500000,1000,0.20,0.505516
500000,1000,0.25,0.409414
500000,1000,0.30,0.367832
500000,1000,0.35,0.348029
500000,1000,0.40,0.303275
500000,1000,0.50,0.277086
500000,1000,0.60,0.265944
500000,1000,0.80,0.237811
500000,1000,1.00,0.215674
1000000,1,0.001,29.527932
1000000,1,0.002,31.770385
1000000,1,0.004,33.460788
1000000,1,0.006,31.779069
1000000,1,0.008,19.580963
1000000,1,0.01,7.643597
1000000,1,0.02,2.696151
1000000,1,0.03,1.409369
1000000,1,0.04,0.948069
1000000,1,0.05,0.857909
1000000,1,0.06,0.699387
1000000,1,0.08,0.466212
1000000,1,0.10,0.390736
1000000,1,0.12,0.356774
1000000,1,0.14,0.307023
1000000,1,0.15,0.296111
1000000,1,0.16,0.274165
1000000,1,0.18,0.248911
1000000,1,0.20,0.250509
1000000,1,0.25,0.206721
1000000,1,0.30,0.185105
1000000,1,0.35,0.178730
1000000,1,0.40,0.158566
1000000,1,0.50,0.153762
1000000,1,0.60,0.153830
1000000,1,0.80,0.151970
1000000,1,1.00,0.145337
1000000,2,0.001,37.033621
1000000,2,0.002,51.937308
1000000,2,0.004,37.301811
1000000,2,0.006,24.246019
1000000,2,0.008,18.379149
1000000,2,0.01,11.421000
1000000,2,0.02,2.335661
1000000,2,0.03,1.273026
1000000,2,0.04,0.922311
1000000,2,0.05,0.801202
1000000,2,0.06,0.660810
1000000,2,0.08,0.481502
1000000,2,0.10,0.409056
1000000,2,0.12,0.373229
1000000,2,0.14,0.294852
1000000,2,0.15,0.274026
1000000,2,0.16,0.265164
1000000,2,0.18,0.249181
1000000,2,0.20,0.222087
1000000,2,0.25,0.206114
1000000,2,0.30,0.172179
1000000,2,0.35,0.166895
1000000,2,0.40,0.159497
1000000,2,0.50,0.152114
1000000,2,0.60,0.148270
1000000,2,0.80,0.134918
1000000,2,1.00,0.138576
1000000,5,0.001,26.430798
1000000,5,0.002,21.828347
1000000,5,0.004,41.626320
1000000,5,0.006,28.588997
1000000,5,0.008,15.476300
1000000,5,0.01,7.947130
1000000,5,0.02,2.350408
1000000,5,0.03,1.259593
1000000,5,0.04,0.898790
1000000,5,0.05,0.801825
1000000,5,0.06,0.669802
1000000,5,0.08,0.468644
1000000,5,0.10,0.405172
1000000,5,0.12,0.366277
1000000,5,0.14,0.297392
1000000,5,0.15,0.275445
1000000,5,0.16,0.273450
1000000,5,0.18,0.229460
1000000,5,0.20,0.224511
1000000,5,0.25,0.214742
1000000,5,0.30,0.177032
1000000,5,0.35,0.180554
1000000,5,0.40,0.174604
1000000,5,0.50,0.159472
1000000,5,0.60,0.150519
1000000,5,0.80,0.146739
1000000,5,1.00,0.141935
1000000,10,0.001,34.485699
1000000,10,0.002,37.213465
1000000,10,0.004,32.176053
1000000,10,0.006,34.341911
1000000,10,0.008,14.137719
1000000,10,0.01,8.868778
1000000,10,0.02,2.262615
1000000,10,0.03,1.413594
1000000,10,0.04,0.935318
1000000,10,0.05,0.771789
1000000,10,0.06,0.582576
1000000,10,0.08,0.485312
1000000,10,0.10,0.380111
1000000,10,0.12,0.339948
1000000,10,0.14,0.277264
1000000,10,0.15,0.284747
1000000,10,0.16,0.258950
1000000,10,0.18,0.237594
1000000,10,0.20,0.219551
1000000,10,0.25,0.186378
1000000,10,0.30,0.179414
1000000,10,0.35,0.169612
1000000,10,0.40,0.160326
1000000,10,0.50,0.156301
1000000,10,0.60,0.146344
1000000,10,0.80,0.141766
1000000,10,1.00,0.137187
1000000,20,0.001,35.582705
1000000,20,0.002,31.030907
1000000,20,0.004,44.502119
1000000,20,0.006,24.198457
1000000,20,0.008,16.971253
1000000,20,0.01,10.690706
1000000,20,0.02,2.597638
1000000,20,0.03,1.249939
1000000,20,0.04,0.934802
1000000,20,0.05,0.685999
1000000,20,0.06,0.699391
1000000,20,0.08,0.485304
1000000,20,0.10,0.338084
1000000,20,0.12,0.338685
1000000,20,0.14,0.281610
1000000,20,0.15,0.300990
1000000,20,0.16,0.240447
1000000,20,0.18,0.242807
1000000,20,0.20,0.222280
1000000,20,0.25,0.181337
1000000,20,0.30,0.185336
1000000,20,0.35,0.165796
1000000,20,0.40,0.156936
1000000,20,0.50,0.152542
1000000,20,0.60,0.148417
1000000,20,0.80,0.135383
1000000,20,1.00,0.142999
1000000,30,0.001,37.163123
1000000,30,0.002,34.211532
1000000,30,0.004,33.003869
1000000,30,0.006,20.584133
1000000,30,0.008,20.015419
1000000,30,0.01,9.970400
1000000,30,0.02,2.187405
1000000,30,0.03,1.280086
1000000,30,0.04,0.992580
1000000,30,0.05,0.730951
1000000,30,0.06,0.614231
1000000,30,0.08,0.471623
1000000,30,0.10,0.408116
1000000,30,0.12,0.340706
1000000,30,0.14,0.286165
1000000,30,0.15,0.270602
1000000,30,0.16,0.267951
1000000,30,0.18,0.237173
1000000,30,0.20,0.233365
1000000,30,0.25,0.195957
1000000,30,0.30,0.172069
1000000,30,0.35,0.161269
1000000,30,0.40,0.163139
1000000,30,0.50,0.160348
1000000,30,0.60,0.145520
1000000,30,0.80,0.142874
1000000,30,1.00,0.136981
1000000,40,0.001,44.494625
1000000,40,0.002,41.574218
1000000,40,0.004,32.395385
1000000,40,0.006,29.268783
1000000,40,0.008,19.961260
1000000,40,0.01,7.295682
1000000,40,0.02,2.005328
1000000,40,0.03,1.368059
1000000,40,0.04,0.899003
1000000,40,0.05,0.747899
1000000,40,0.06,0.610305
1000000,40,0.08,0.450628
1000000,40,0.10,0.378868
1000000,40,0.12,0.325045
1000000,40,0.14,0.305666
1000000,40,0.15,0.297351
1000000,40,0.16,0.266762
1000000,40,0.18,0.242420
1000000,40,0.20,0.217677
1000000,40,0.25,0.193495
1000000,40,0.30,0.187408
1000000,40,0.35,0.180896
1000000,40,0.40,0.167858
1000000,40,0.50,0.147289
1000000,40,0.60,0.149375
1000000,40,0.80,0.146283
1000000,40,1.00,0.142218
1000000,50,0.001,32.223915
1000000,50,0.002,47.985551
1000000,50,0.004,45.060845
1000000,50,0.006,29.212481
1000000,50,0.008,21.430392
1000000,50,0.01,9.152060
1000000,50,0.02,1.816908
1000000,50,0.03,1.490149
1000000,50,0.04,0.938349
1000000,50,0.05,0.786322
1000000,50,0.06,0.658584
1000000,50,0.08,0.446192
1000000,50,0.10,0.402163
1000000,50,0.12,0.329405
1000000,50,0.14,0.287640
1000000,50,0.15,0.243312
1000000,50,0.16,0.254922
1000000,50,0.18,0.241521
1000000,50,0.20,0.224852
1000000,50,0.25,0.204768
1000000,50,0.30,0.175476
1000000,50,0.35,0.175474
1000000,50,0.40,0.167941
1000000,50,0.50,0.162077
1000000,50,0.60,0.158119
1000000,50,0.80,0.152269
1000000,50,1.00,0.141904
1000000,75,0.001,43.938733
1000000,75,0.002,52.453087
1000000,75,0.004,29.879580
1000000,75,0.006,34.802803
1000000,75,0.008,15.931744
1000000,75,0.01,7.416742
1000000,75,0.02,2.305908
1000000,75,0.03,1.365268
1000000,75,0.04,0.913359
1000000,75,0.05,0.795484
1000000,75,0.06,0.658218
1000000,75,0.08,0.480306
1000000,75,0.10,0.388779
1000000,75,0.12,0.367858
1000000,75,0.14,0.305466
1000000,75,0.15,0.276990
1000000,75,0.16,0.262789
1000000,75,0.18,0.253147
1000000,75,0.20,0.215889
1000000,75,0.25,0.206111
1000000,75,0.30,0.185901
1000000,75,0.35,0.170462
1000000,75,0.40,0.164537
1000000,75,0.50,0.160405
1000000,75,0.60,0.146632
1000000,75,0.80,0.152021
1000000,75,1.00,0.142990
1000000,100,0.001,30.853013
1000000,100,0.002,34.283615
1000000,100,0.004,35.852593
1000000,100,0.006,36.124500
1000000,100,0.008,15.211232
1000000,100,0.01,6.738739
1000000,100,0.02,2.273110
1000000,100,0.03,1.281942
1000000,100,0.04,0.920129
1000000,100,0.05,0.752172
1000000,100,0.06,0.661065
1000000,100,0.08,0.494580
1000000,100,0.10,0.379839
1000000,100,0.12,0.335903
1000000,100,0.14,0.304058
1000000,100,0.15,0.274059
1000000,100,0.16,0.278990
1000000,100,0.18,0.229422
1000000,100,0.20,0.215499
1000000,100,0.25,0.196366
1000000,100,0.30,0.180405
1000000,100,0.35,0.156847
1000000,100,0.40,0.165024
1000000,100,0.50,0.156712
1000000,100,0.60,0.147914
1000000,100,0.80,0.133617
1000000,100,1.00,0.134235
1000000,150,0.001,29.645090
1000000,150,0.002,35.963507
1000000,150,0.004,32.680484
1000000,150,0.006,43.004499
1000000,150,0.008,14.412192
1000000,150,0.01,8.090857
1000000,150,0.02,2.263577
1000000,150,0.03,1.309313
1000000,150,0.04,0.966872
1000000,150,0.05,0.708972
1000000,150,0.06,0.636038
1000000,150,0.08,0.532026
1000000,150,0.10,0.395202
1000000,150,0.12,0.324811
1000000,150,0.14,0.286730
1000000,150,0.15,0.283178
1000000,150,0.16,0.286265
1000000,150,0.18,0.247621
1000000,150,0.20,0.214131
1000000,150,0.25,0.193482
1000000,150,0.30,0.176656
1000000,150,0.35,0.180308
1000000,150,0.40,0.165113
1000000,150,0.50,0.166997
1000000,150,0.60,0.157944
1000000,150,0.80,0.147894
1000000,150,1.00,0.134510
1000000,200,0.001,34.193836
1000000,200,0.002,43.611969
1000000,200,0.004,33.813910
1000000,200,0.006,25.835663
1000000,200,0.008,19.506358
1000000,200,0.01,8.782085
1000000,200,0.02,2.182465
1000000,200,0.03,1.187269
1000000,200,0.04,0.973954
1000000,200,0.05,0.706907
1000000,200,0.06,0.585433
1000000,200,0.08,0.456688
1000000,200,0.10,0.392319
1000000,200,0.12,0.323093
1000000,200,0.14,0.308577
1000000,200,0.15,0.281007
1000000,200,0.16,0.246166
1000000,200,0.18,0.258700
1000000,200,0.20,0.221482
1000000,200,0.25,0.196606
1000000,200,0.30,0.172222
1000000,200,0.35,0.168591
1000000,200,0.40,0.173161
1000000,200,0.50,0.148251
1000000,200,0.60,0.159732
1000000,200,0.80,0.151158
1000000,200,1.00,0.141043
1000000,250,0.001,32.853968
1000000,250,0.002,29.713896
1000000,250,0.004,32.822946
1000000,250,0.006,41.912677
1000000,250,0.008,14.240776
1000000,250,0.01,9.331791
1000000,250,0.02,2.312400
1000000,250,0.03,1.391812
1000000,250,0.04,0.947793
1000000,250,0.05,0.727102
1000000,250,0.06,0.671506
1000000,250,0.08,0.507859
1000000,250,0.10,0.396758
1000000,250,0.12,0.352221
1000000,250,0.14,0.291142
1000000,250,0.15,0.276879
1000000,250,0.16,0.262444
1000000,250,0.18,0.254364
1000000,250,0.20,0.261503
1000000,250,0.25,0.205847
1000000,250,0.30,0.183891
1000000,250,0.35,0.175434
1000000,250,0.40,0.155894
1000000,250,0.50,0.151807
1000000,250,0.60,0.152011
1000000,250,0.80,0.147368
1000000,250,1.00,0.144957
1000000,300,0.001,43.494933
1000000,300,0.002,37.305274
1000000,300,0.004,33.822467
1000000,300,0.006,27.730520
1000000,300,0.008,16.210246
1000000,300,0.01,14.990675
1000000,300,0.02,2.223411
1000000,300,0.03,1.169037
1000000,300,0.04,1.021606
1000000,300,0.05,0.771282
1000000,300,0.06,0.665731
1000000,300,0.08,0.504679
1000000,300,0.10,0.383124
1000000,300,0.12,0.348786
1000000,300,0.14,0.288965
1000000,300,0.15,0.283194
1000000,300,0.16,0.259369
1000000,300,0.18,0.235058
1000000,300,0.20,0.207101
1000000,300,0.25,0.201673
1000000,300,0.30,0.188223
1000000,300,0.35,0.180842
1000000,300,0.40,0.168760
1000000,300,0.50,0.152301
1000000,300,0.60,0.143799
1000000,300,0.80,0.142127
1000000,300,1.00,0.143277
1000000,400,0.001,37.964109
1000000,400,0.002,28.311885
1000000,400,0.004,29.600985
1000000,400,0.006,22.251303
1000000,400,0.008,14.198089
1000000,400,0.01,13.353277
1000000,400,0.02,2.376046
1000000,400,0.03,1.475713
1000000,400,0.04,1.042923
1000000,400,0.05,0.861674
1000000,400,0.06,0.716832
1000000,400,0.08,0.521321
1000000,400,0.10,0.413509
1000000,400,0.12,0.318021
1000000,400,0.14,0.307797
1000000,400,0.15,0.291656
1000000,400,0.16,0.269199
1000000,400,0.18,0.239565
1000000,400,0.20,0.238062
1000000,400,0.25,0.211523
1000000,400,0.30,0.176886
1000000,400,0.35,0.185031
1000000,400,0.40,0.161600
1000000,400,0.50,0.155124
1000000,400,0.60,0.152664
1000000,400,0.80,0.152739
1000000,400,1.00,0.143327
1000000,500,0.001,43.670793
1000000,500,0.002,26.640536
1000000,500,0.004,34.828017
1000000,500,0.006,28.552410
1000000,500,0.008,18.098935
1000000,500,0.01,14.567901
1000000,500,0.02,2.308322
1000000,500,0.03,1.631919
1000000,500,0.04,1.140807
1000000,500,0.05,0.855649
1000000,500,0.06,0.691499
1000000,500,0.08,0.498989
1000000,500,0.10,0.477358
1000000,500,0.12,0.369893
1000000,500,0.14,0.331633
1000000,500,0.15,0.327359
1000000,500,0.16,0.289232
1000000,500,0.18,0.274763
1000000,500,0.20,0.262821
1000000,500,0.25,0.213450
1000000,500,0.30,0.200710
1000000,500,0.35,0.180299
1000000,500,0.40,0.172447
1000000,500,0.50,0.172770
1000000,500,0.60,0.157813
1000000,500,0.80,0.156746
1000000,500,1.00,0.153733
1000000,600,0.001,35.706848
1000000,600,0.002,24.802030
1000000,600,0.004,27.674093
1000000,600,0.006,47.491830
1000000,600,0.008,21.147150
1000000,600,0.01,24.004577
1000000,600,0.02,3.201806
1000000,600,0.03,1.759792
1000000,600,0.04,1.212142
1000000,600,0.05,0.942964
1000000,600,0.06,0.827980
1000000,600,0.08,0.598486
1000000,600,0.10,0.488159
1000000,600,0.12,0.401008
1000000,600,0.14,0.367807
1000000,600,0.15,0.337549
1000000,600,0.16,0.362521
1000000,600,0.18,0.273613
1000000,600,0.20,0.264392
1000000,600,0.25,0.242442
1000000,600,0.30,0.206288
1000000,600,0.35,0.205579
1000000,600,0.40,0.195963
1000000,600,0.50,0.174893
1000000,600,0.60,0.177363
1000000,600,0.80,0.171054
1000000,600,1.00,0.157327
1000000,800,0.001,25.620876
1000000,800,0.002,28.052751
1000000,800,0.004,44.018393
1000000,800,0.006,50.776980
1000000,800,0.008,25.529279
1000000,800,0.01,19.722918
1000000,800,0.02,3.210834
1000000,800,0.03,1.937978
1000000,800,0.04,1.552561
1000000,800,0.05,1.113129
1000000,800,0.06,0.912810
1000000,800,0.08,0.653887
1000000,800,0.10,0.544734
1000000,800,0.12,0.494450
1000000,800,0.14,0.400988
1000000,800,0.15,0.380452
1000000,800,0.16,0.346502
1000000,800,0.18,0.311760
1000000,800,0.20,0.304663
1000000,800,0.25,0.242620
1000000,800,0.30,0.244350
1000000,800,0.35,0.216246
1000000,800,0.40,0.205078
1000000,800,0.50,0.189467
1000000,800,0.60,0.173516
1000000,800,0.80,0.181432
1000000,800,1.00,0.165175
1000000,1000,0.001,36.945546
1000000,1000,0.002,28.440185
1000000,1000,0.004,48.299119
1000000,1000,0.006,44.317394
1000000,1000,0.008,30.064752
1000000,1000,0.01,26.470193
1000000,1000,0.02,6.087390
1000000,1000,0.03,2.337503
1000000,1000,0.04,1.473551
1000000,1000,0.05,1.191559
1000000,1000,0.06,1.045379
1000000,1000,0.08,0.831360
1000000,1000,0.10,0.552222
1000000,1000,0.12,0.518212
1000000,1000,0.14,0.434947
1000000,1000,0.15,0.450937
1000000,1000,0.16,0.417748
1000000,1000,0.18,0.376492
1000000,1000,0.20,0.319555
1000000,1000,0.25,0.268150
1000000,1000,0.30,0.263005
1000000,1000,0.35,0.249111
1000000,1000,0.40,0.225669
1000000,1000,0.50,0.207682
1000000,1000,0.60,0.192240
1000000,1000,0.80,0.182247
1000000,1000,1.00,0.183734
5000000,1,0.001,31.077767
5000000,1,0.002,43.304848
5000000,1,0.004,40.057484
5000000,1,0.006,39.592791
5000000,1,0.008,27.177495
5000000,1,0.01,14.420934
5000000,1,0.02,3.421543
5000000,1,0.03,1.809430
5000000,1,0.04,1.087496
5000000,1,0.05,0.908180
5000000,1,0.06,0.775212
5000000,1,0.08,0.561130
5000000,1,0.10,0.427741
5000000,1,0.12,0.444338
5000000,1,0.14,0.338835
5000000,1,0.15,0.339366
5000000,1,0.16,0.308932
5000000,1,0.18,0.279511
5000000,1,0.20,0.278748
5000000,1,0.25,0.239728
5000000,1,0.30,0.224667
5000000,1,0.35,0.198253
5000000,1,0.40,0.183677
5000000,1,0.50,0.175088
5000000,1,0.60,0.160362
5000000,1,0.80,0.159551
5000000,1,1.00,0.159078
5000000,2,0.001,29.805269
5000000,2,0.002,33.714401
5000000,2,0.004,40.836258
5000000,2,0.006,33.507611
5000000,2,0.008,19.548489
5000000,2,0.01,13.703413
5000000,2,0.02,2.225169
5000000,2,0.03,1.581349
5000000,2,0.04,1.097358
5000000,2,0.05,0.946646
5000000,2,0.06,0.711625
5000000,2,0.08,0.526764
5000000,2,0.10,0.417121
5000000,2,0.12,0.356590
5000000,2,0.14,0.311087
5000000,2,0.15,0.310396
5000000,2,0.16,0.292989
5000000,2,0.18,0.268244
5000000,2,0.20,0.255288
5000000,2,0.25,0.210367
5000000,2,0.30,0.201190
5000000,2,0.35,0.182347
5000000,2,0.40,0.172116
5000000,2,0.50,0.156605
5000000,2,0.60,0.166908
5000000,2,0.80,0.163229
5000000,2,1.00,0.147329
5000000,5,0.001,35.870606
5000000,5,0.002,32.156718
5000000,5,0.004,31.270361
5000000,5,0.006,22.401952
5000000,5,0.008,18.523571
5000000,5,0.01,10.100308
5000000,5,0.02,2.507687
5000000,5,0.03,1.265663
5000000,5,0.04,1.014283
5000000,5,0.05,0.790305
5000000,5,0.06,0.631438
5000000,5,0.08,0.470595
5000000,5,0.10,0.411042
5000000,5,0.12,0.345608
5000000,5,0.14,0.295695
5000000,5,0.15,0.302710
5000000,5,0.16,0.278631
5000000,5,0.18,0.258529
5000000,5,0.20,0.231880
5000000,5,0.25,0.203858
5000000,5,0.30,0.182915
5000000,5,0.35,0.187052
5000000,5,0.40,0.173831
5000000,5,0.50,0.164316
5000000,5,0.60,0.162798
5000000,5,0.80,0.143662
5000000,5,1.00,0.148278
5000000,10,0.001,33.324182
5000000,10,0.002,44.934852
5000000,10,0.004,47.288339
5000000,10,0.006,34.661680
5000000,10,0.008,24.696313
5000000,10,0.01,11.410372
5000000,10,0.02,2.178553
5000000,10,0.03,1.157490
5000000,10,0.04,1.030705
5000000,10,0.05,0.769360
5000000,10,0.06,0.615817
5000000,10,0.08,0.447613
5000000,10,0.10,0.390834
5000000,10,0.12,0.355663
5000000,10,0.14,0.311304
5000000,10,0.15,0.286153
5000000,10,0.16,0.270621
5000000,10,0.18,0.237764
5000000,10,0.20,0.239679
5000000,10,0.25,0.207043
5000000,10,0.30,0.197764
5000000,10,0.35,0.189830
5000000,10,0.40,0.167970
5000000,10,0.50,0.159146
5000000,10,0.60,0.161469
5000000,10,0.80,0.151088
5000000,10,1.00,0.149475
5000000,20,0.001,35.734277
5000000,20,0.002,34.738201
5000000,20,0.004,34.506760
5000000,20,0.006,33.025541
5000000,20,0.008,16.117624
5000000,20,0.01,11.289067
5000000,20,0.02,2.234485
5000000,20,0.03,1.452603
5000000,20,0.04,0.892144
5000000,20,0.05,0.782824
5000000,20,0.06,0.679345
5000000,20,0.08,0.468978
5000000,20,0.10,0.378598
5000000,20,0.12,0.340505
5000000,20,0.14,0.318137
5000000,20,0.15,0.285063
5000000,20,0.16,0.286017
5000000,20,0.18,0.267802
5000000,20,0.20,0.216816
5000000,20,0.25,0.207707
5000000,20,0.30,0.192163
5000000,20,0.35,0.184675
5000000,20,0.40,0.172054
5000000,20,0.50,0.174021
5000000,20,0.60,0.163933
5000000,20,0.80,0.155236
5000000,20,1.00,0.147364
5000000,30,0.001,40.583417
5000000,30,0.002,35.237660
5000000,30,0.004,35.089712
5000000,30,0.006,32.745958
5000000,30,0.008,22.402726
5000000,30,0.01,7.728941
5000000,30,0.02,2.074413
5000000,30,0.03,1.426893
5000000,30,0.04,1.062235
5000000,30,0.05,0.748508
5000000,30,0.06,0.632046
5000000,30,0.08,0.470062
5000000,30,0.10,0.378307
5000000,30,0.12,0.320020
5000000,30,0.14,0.307830
5000000,30,0.15,0.289096
5000000,30,0.16,0.254174
5000000,30,0.18,0.227333
5000000,30,0.20,0.228455
5000000,30,0.25,0.207768
5000000,30,0.30,0.183725
5000000,30,0.35,0.167609
5000000,30,0.40,0.167959
5000000,30,0.50,0.159239
5000000,30,0.60,0.155782
5000000,30,0.80,0.141642
5000000,30,1.00,0.145690
5000000,40,0.001,39.859149
5000000,40,0.002,38.046009
5000000,40,0.004,34.020799
5000000,40,0.006,34.054745
5000000,40,0.008,15.836629
5000000,40,0.01,8.587226
5000000,40,0.02,2.057762
5000000,40,0.03,1.186341
5000000,40,0.04,0.987822
5000000,40,0.05,0.808308
5000000,40,0.06,0.581593
5000000,40,0.08,0.477729
5000000,40,0.10,0.367262
5000000,40,0.12,0.319701
5000000,40,0.14,0.278895
5000000,40,0.15,0.261434
5000000,40,0.16,0.249191
5000000,40,0.18,0.246988
5000000,40,0.20,0.240770
5000000,40,0.25,0.201029
5000000,40,0.30,0.178952
5000000,40,0.35,0.162781
5000000,40,0.40,0.155768
5000000,40,0.50,0.158917
5000000,40,0.60,0.150155
5000000,40,0.80,0.141628
5000000,40,1.00,0.146212
5000000,50,0.001,45.352691
5000000,50,0.002,47.262874
5000000,50,0.004,43.457978
5000000,50,0.006,34.620302
5000000,50,0.008,12.769267
5000000,50,0.01,7.680672
5000000,50,0.02,2.259610
5000000,50,0.03,1.186935
5000000,50,0.04,0.932129
5000000,50,0.05,0.741825
5000000,50,0.06,0.639607
5000000,50,0.08,0.469878
5000000,50,0.10,0.365146
5000000,50,0.12,0.314741
5000000,50,0.14,0.290893
5000000,50,0.15,0.276778
5000000,50,0.16,0.260456
5000000,50,0.18,0.239860
5000000,50,0.20,0.225540
5000000,50,0.25,0.194194
5000000,50,0.30,0.177264
5000000,50,0.35,0.168044
5000000,50,0.40,0.162668
5000000,50,0.50,0.147511
5000000,50,0.60,0.141398
5000000,50,0.80,0.140381
5000000,50,1.00,0.142708
5000000,75,0.001,43.219638
5000000,75,0.002,36.071868
5000000,75,0.004,38.674131
5000000,75,0.006,24.870151
5000000,75,0.008,17.756915
5000000,75,0.01,10.338071
5000000,75,0.02,2.132734
5000000,75,0.03,1.267580
5000000,75,0.04,0.927033
5000000,75,0.05,0.743170
5000000,75,0.06,0.649620
5000000,75,0.08,0.477112
5000000,75,0.10,0.429838
5000000,75,0.12,0.336353
5000000,75,0.14,0.296587
5000000,75,0.15,0.286108
5000000,75,0.16,0.266663
5000000,75,0.18,0.252538
5000000,75,0.20,0.238682
5000000,75,0.25,0.203548
5000000,75,0.30,0.185400
5000000,75,0.35,0.172779
5000000,75,0.40,0.163840
5000000,75,0.50,0.158339
5000000,75,0.60,0.147586
5000000,75,0.80,0.143530
5000000,75,1.00,0.136731
5000000,100,0.001,30.200917
5000000,100,0.002,31.947813
5000000,100,0.004,36.099300
5000000,100,0.006,19.942994
5000000,100,0.008,13.213949
5000000,100,0.01,11.548653
5000000,100,0.02,1.989802
5000000,100,0.03,1.225709
5000000,100,0.04,1.000000
5000000,100,0.05,0.680173
5000000,100,0.06,0.631073
5000000,100,0.08,0.466992
5000000,100,0.10,0.398290
5000000,100,0.12,0.342965
5000000,100,0.14,0.272258
5000000,100,0.15,0.289917
5000000,100,0.16,0.274789
5000000,100,0.18,0.241974
5000000,100,0.20,0.244368
5000000,100,0.25,0.195052
5000000,100,0.30,0.184112
5000000,100,0.35,0.180303
5000000,100,0.40,0.169754
5000000,100,0.50,0.147614
5000000,100,0.60,0.157038
5000000,100,0.80,0.146864
5000000,100,1.00,0.151077
5000000,150,0.001,46.693906
5000000,150,0.002,46.347788
5000000,150,0.004,44.650101
5000000,150,0.006,29.350481
5000000,150,0.008,15.997663
5000000,150,0.01,8.084043
5000000,150,0.02,2.145073
5000000,150,0.03,1.346716
5000000,150,0.04,0.952150
5000000,150,0.05,0.775522
5000000,150,0.06,0.679328
5000000,150,0.08,0.480407
5000000,150,0.10,0.372704
5000000,150,0.12,0.307794
5000000,150,0.14,0.302687
5000000,150,0.15,0.281248
5000000,150,0.16,0.229766
5000000,150,0.18,0.246626
5000000,150,0.20,0.225253
5000000,150,0.25,0.202679
5000000,150,0.30,0.179670
5000000,150,0.35,0.161357
5000000,150,0.40,0.161153
5000000,150,0.50,0.154717
5000000,150,0.60,0.150619
5000000,150,0.80,0.143452
5000000,150,1.00,0.140484
5000000,200,0.001,36.704200
5000000,200,0.002,39.945611
5000000,200,0.004,56.612056
5000000,200,0.006,31.340611
5000000,200,0.008,18.363649
5000000,200,0.01,7.443510
5000000,200,0.02,2.253468
5000000,200,0.03,1.411000
5000000,200,0.04,0.955233
5000000,200,0.05,0.774387
5000000,200,0.06,0.621383
5000000,200,0.08,0.454504
5000000,200,0.10,0.370487
5000000,200,0.12,0.344503
5000000,200,0.14,0.300678
5000000,200,0.15,0.285483
5000000,200,0.16,0.269589
5000000,200,0.18,0.237525
5000000,200,0.20,0.212512
5000000,200,0.25,0.199309
5000000,200,0.30,0.183220
5000000,200,0.35,0.156399
5000000,200,0.40,0.166026
5000000,200,0.50,0.152404
5000000,200,0.60,0.150129
5000000,200,0.80,0.144911
5000000,200,1.00,0.137995
5000000,250,0.001,32.341923
5000000,250,0.002,30.509556
5000000,250,0.004,27.686431
5000000,250,0.006,21.513357
5000000,250,0.008,17.890357
5000000,250,0.01,9.370321
5000000,250,0.02,2.282090
5000000,250,0.03,1.287729
5000000,250,0.04,1.050474
5000000,250,0.05,0.715348
5000000,250,0.06,0.626934
5000000,250,0.08,0.468226
5000000,250,0.10,0.347722
5000000,250,0.12,0.325295
5000000,250,0.14,0.295167
5000000,250,0.15,0.272991
5000000,250,0.16,0.260529
5000000,250,0.18,0.262546
5000000,250,0.20,0.229512
5000000,250,0.25,0.202282
5000000,250,0.30,0.186246
5000000,250,0.35,0.174298
5000000,250,0.40,0.161466
5000000,250,0.50,0.153411
5000000,250,0.60,0.158668
5000000,250,0.80,0.150604
5000000,250,1.00,0.144010
5000000,300,0.001,29.686235
5000000,300,0.002,48.103247
5000000,300,0.004,33.097825
5000000,300,0.006,28.932727
5000000,300,0.008,20.726055
5000000,300,0.01,7.565636
5000000,300,0.02,2.158491
5000000,300,0.03,1.414053
5000000,300,0.04,0.910589
5000000,300,0.05,0.719179
5000000,300,0.06,0.632731
5000000,300,0.08,0.451642
5000000,300,0.10,0.396922
5000000,300,0.12,0.320748
5000000,300,0.14,0.284562
5000000,300,0.15,0.284400
5000000,300,0.16,0.245555
5000000,300,0.18,0.255567
5000000,300,0.20,0.230343
5000000,300,0.25,0.197533
5000000,300,0.30,0.185855
5000000,300,0.35,0.163347
5000000,300,0.40,0.153606
5000000,300,0.50,0.146774
5000000,300,0.60,0.147537
5000000,300,0.80,0.143170
5000000,300,1.00,0.142530
5000000,400,0.001,33.713635
5000000,400,0.002,37.109648
5000000,400,0.004,29.574282
5000000,400,0.006,34.256045
5000000,400,0.008,18.636463
5000000,400,0.01,11.525158
5000000,400,0.02,2.390172
5000000,400,0.03,1.408726
5000000,400,0.04,0.876539
5000000,400,0.05,0.630703
5000000,400,0.06,0.657454
5000000,400,0.08,0.473433
5000000,400,0.10,0.355652
5000000,400,0.12,0.331455
5000000,400,0.14,0.272578
5000000,400,0.15,0.255900
5000000,400,0.16,0.283501
5000000,400,0.18,0.227200
5000000,400,0.20,0.222002
5000000,400,0.25,0.201831
5000000,400,0.30,0.174832
5000000,400,0.35,0.166273
5000000,400,0.40,0.158799
5000000,400,0.50,0.148847
5000000,400,0.60,0.147674
5000000,400,0.80,0.136347
5000000,400,1.00,0.138451
5000000,500,0.001,27.347317
5000000,500,0.002,39.043575
5000000,500,0.004,36.387300
5000000,500,0.006,33.835804
5000000,500,0.008,14.450693
5000000,500,0.01,8.262098
5000000,500,0.02,2.164603
5000000,500,0.03,1.246693
5000000,500,0.04,0.957249
5000000,500,0.05,0.801181
5000000,500,0.06,0.645223
5000000,500,0.08,0.479624
5000000,500,0.10,0.379915
5000000,500,0.12,0.331732
5000000,500,0.14,0.269831
5000000,500,0.15,0.282157
5000000,500,0.16,0.267484
5000000,500,0.18,0.248088
5000000,500,0.20,0.216877
5000000,500,0.25,0.189391
5000000,500,0.30,0.189291
5000000,500,0.35,0.161539
5000000,500,0.40,0.159181
5000000,500,0.50,0.156157
5000000,500,0.60,0.152493
5000000,500,0.80,0.145801
5000000,500,1.00,0.135255
5000000,600,0.001,34.376512
5000000,600,0.002,45.033301
5000000,600,0.004,54.359694
5000000,600,0.006,37.443903
5000000,600,0.008,14.664222
5000000,600,0.01,6.938775
5000000,600,0.02,2.288858
5000000,600,0.03,1.248922
5000000,600,0.04,0.963430
5000000,600,0.05,0.725206
5000000,600,0.06,0.650068
5000000,600,0.08,0.509365
5000000,600,0.10,0.386251
5000000,600,0.12,0.308384
5000000,600,0.14,0.285065
5000000,600,0.15,0.272766
5000000,600,0.16,0.264582
5000000,600,0.18,0.237140
5000000,600,0.20,0.213739
5000000,600,0.25,0.186714
5000000,600,0.30,0.176742
5000000,600,0.35,0.166331
5000000,600,0.40,0.159849
5000000,600,0.50,0.137973
5000000,600,0.60,0.149514
5000000,600,0.80,0.143741
5000000,600,1.00,0.131899
5000000,800,0.001,44.206282
5000000,800,0.002,49.098386
5000000,800,0.004,28.808038
5000000,800,0.006,31.366916
5000000,800,0.008,16.944459
5000000,800,0.01,10.142925
5000000,800,0.02,2.115382
5000000,800,0.03,1.440936
5000000,800,0.04,0.985777
5000000,800,0.05,0.798592
5000000,800,0.06,0.661257
5000000,800,0.08,0.450171
5000000,800,0.10,0.416381
5000000,800,0.12,0.330804
5000000,800,0.14,0.318831
5000000,800,0.15,0.281990
5000000,800,0.16,0.274971
5000000,800,0.18,0.235030
5000000,800,0.20,0.234905
5000000,800,0.25,0.198131
5000000,800,0.30,0.187600
5000000,800,0.35,0.175113
5000000,800,0.40,0.168483
5000000,800,0.50,0.172869
5000000,800,0.60,0.159185
5000000,800,0.80,0.149637
5000000,800,1.00,0.142643
5000000,1000,0.001,33.646820
5000000,1000,0.002,30.253300
5000000,1000,0.004,27.526510
5000000,1000,0.006,27.109902
5000000,1000,0.008,19.126903
5000000,1000,0.01,10.258912
5000000,1000,0.02,2.320007
5000000,1000,0.03,1.306826
5000000,1000,0.04,0.849742
5000000,1000,0.05,0.788510
5000000,1000,0.06,0.657142
5000000,1000,0.08,0.490735
5000000,1000,0.10,0.398229
5000000,1000,0.12,0.312093
5000000,1000,0.14,0.325075
5000000,1000,0.15,0.289867
5000000,1000,0.16,0.254576
5000000,1000,0.18,0.246106
5000000,1000,0.20,0.218221
5000000,1000,0.25,0.198392
5000000,1000,0.30,0.189102
5000000,1000,0.35,0.182240
5000000,1000,0.40,0.155814
5000000,1000,0.50,0.158354
5000000,1000,0.60,0.152762
5000000,1000,0.80,0.145601
5000000,1000,1.00,0.150137
10000000,1,0.001,33.437709
10000000,1,0.002,30.948015
10000000,1,0.004,31.951999
10000000,1,0.006,36.267223
10000000,1,0.008,28.074712
10000000,1,0.01,24.886944
10000000,1,0.02,4.940990
10000000,1,0.03,2.563002
10000000,1,0.04,1.593853
10000000,1,0.05,1.230527
10000000,1,0.06,0.911511
10000000,1,0.08,0.712228
10000000,1,0.10,0.608546
10000000,1,0.12,0.512934
10000000,1,0.14,0.451997
10000000,1,0.15,0.420666
10000000,1,0.16,0.394770
10000000,1,0.18,0.371148
10000000,1,0.20,0.318842
10000000,1,0.25,0.302334
10000000,1,0.30,0.260802
10000000,1,0.35,0.242054
10000000,1,0.40,0.233449
10000000,1,0.50,0.208217
10000000,1,0.60,0.188453
10000000,1,0.80,0.190898
10000000,1,1.00,0.180090
10000000,2,0.001,38.333144
10000000,2,0.002,36.782363
10000000,2,0.004,34.407422
10000000,2,0.006,42.068483
10000000,2,0.008,26.851992
10000000,2,0.01,20.870810
10000000,2,0.02,3.927731
10000000,2,0.03,1.856447
10000000,2,0.04,1.248581
10000000,2,0.05,0.957750
10000000,2,0.06,0.805939
10000000,2,0.08,0.622466
10000000,2,0.10,0.474469
10000000,2,0.12,0.429897
10000000,2,0.14,0.377658
10000000,2,0.15,0.318461
10000000,2,0.16,0.342432
10000000,2,0.18,0.288912
10000000,2,0.20,0.293766
10000000,2,0.25,0.242151
10000000,2,0.30,0.210077
10000000,2,0.35,0.200359
10000000,2,0.40,0.190680
10000000,2,0.50,0.181458
10000000,2,0.60,0.168698
10000000,2,0.80,0.167034
10000000,2,1.00,0.170393
10000000,5,0.001,43.768357
10000000,5,0.002,29.939460
10000000,5,0.004,36.174988
10000000,5,0.006,35.632365
10000000,5,0.008,28.471083
10000000,5,0.01,12.666483
10000000,5,0.02,2.450678
10000000,5,0.03,1.515154
10000000,5,0.04,1.056445
10000000,5,0.05,0.797935
10000000,5,0.06,0.654376
10000000,5,0.08,0.571090
10000000,5,0.10,0.433621
10000000,5,0.12,0.352404
10000000,5,0.14,0.316264
10000000,5,0.15,0.297759
10000000,5,0.16,0.291443
10000000,5,0.18,0.287743
10000000,5,0.20,0.228153
10000000,5,0.25,0.204806
10000000,5,0.30,0.182494
10000000,5,0.35,0.176045
10000000,5,0.40,0.166614
10000000,5,0.50,0.162875
10000000,5,0.60,0.145104
10000000,5,0.80,0.148267
10000000,5,1.00,0.145654
10000000,10,0.001,37.231491
10000000,10,0.002,39.511299
10000000,10,0.004,33.790240
10000000,10,0.006,21.357624
10000000,10,0.008,16.563526
10000000,10,0.01,16.822312
10000000,10,0.02,2.578191
10000000,10,0.03,1.255312
10000000,10,0.04,1.030449
10000000,10,0.05,0.748938
10000000,10,0.06,0.627341
10000000,10,0.08,0.471320
10000000,10,0.10,0.416983
10000000,10,0.12,0.371498
10000000,10,0.14,0.296770
10000000,10,0.15,0.294963
10000000,10,0.16,0.281329
10000000,10,0.18,0.269331
10000000,10,0.20,0.219549
10000000,10,0.25,0.211149
10000000,10,0.30,0.188941
10000000,10,0.35,0.174790
10000000,10,0.40,0.172312
10000000,10,0.50,0.165201
10000000,10,0.60,0.155445
10000000,10,0.80,0.145841
10000000,10,1.00,0.147745
10000000,20,0.001,31.479323
10000000,20,0.002,36.257049
10000000,20,0.004,31.795093
10000000,20,0.006,16.022833
10000000,20,0.008,19.155817
10000000,20,0.01,8.023178
10000000,20,0.02,2.459165
10000000,20,0.03,1.253308
10000000,20,0.04,1.009348
10000000,20,0.05,0.742741
10000000,20,0.06,0.665826
10000000,20,0.08,0.465500
10000000,20,0.10,0.400698
10000000,20,0.12,0.310864
10000000,20,0.14,0.298152
10000000,20,0.15,0.301094
10000000,20,0.16,0.262468
10000000,20,0.18,0.236338
10000000,20,0.20,0.223662
10000000,20,0.25,0.211288
10000000,20,0.30,0.196093
10000000,20,0.35,0.167143
10000000,20,0.40,0.175055
10000000,20,0.50,0.151598
10000000,20,0.60,0.153892
10000000,20,0.80,0.152829
10000000,20,1.00,0.145257
10000000,30,0.001,37.272223
10000000,30,0.002,35.171633
10000000,30,0.004,29.968979
10000000,30,0.006,39.237758
10000000,30,0.008,21.246402
10000000,30,0.01,9.055861
10000000,30,0.02,2.067056
10000000,30,0.03,1.305536
10000000,30,0.04,0.995328
10000000,30,0.05,0.801943
10000000,30,0.06,0.587570
10000000,30,0.08,0.503668
10000000,30,0.10,0.381904
10000000,30,0.12,0.335822
10000000,30,0.14,0.280491
10000000,30,0.15,0.290030
10000000,30,0.16,0.281037
10000000,30,0.18,0.233039
10000000,30,0.20,0.232976
10000000,30,0.25,0.199370
10000000,30,0.30,0.196552
10000000,30,0.35,0.181443
10000000,30,0.40,0.182809
10000000,30,0.50,0.161546
10000000,30,0.60,0.158022
10000000,30,0.80,0.145754
10000000,30,1.00,0.156716
10000000,40,0.001,35.351271
10000000,40,0.002,34.748823
10000000,40,0.004,35.511663
10000000,40,0.006,42.626911
10000000,40,0.008,15.909299
10000000,40,0.01,9.305714
10000000,40,0.02,2.295107
10000000,40,0.03,1.401428
10000000,40,0.04,0.974343
10000000,40,0.05,0.736785
10000000,40,0.06,0.604329
10000000,40,0.08,0.508758
10000000,40,0.10,0.407420
10000000,40,0.12,0.363076
10000000,40,0.14,0.283496
10000000,40,0.15,0.270521
10000000,40,0.16,0.268263
10000000,40,0.18,0.238454
10000000,40,0.20,0.231912
10000000,40,0.25,0.187579
10000000,40,0.30,0.184652
10000000,40,0.35,0.179203
10000000,40,0.40,0.153867
10000000,40,0.50,0.147301
10000000,40,0.60,0.142506
10000000,40,0.80,0.132419
10000000,40,1.00,0.141519
10000000,50,0.001,30.314707
10000000,50,0.002,42.905752
10000000,50,0.004,45.529831
10000000,50,0.006,20.977731
10000000,50,0.008,14.555897
10000000,50,0.01,8.356654
10000000,50,0.02,2.424022
10000000,50,0.03,1.288457
10000000,50,0.04,0.977802
10000000,50,0.05,0.776709
10000000,50,0.06,0.682543
10000000,50,0.08,0.433975
10000000,50,0.10,0.398741
10000000,50,0.12,0.350154
10000000,50,0.14,0.312270
10000000,50,0.15,0.279229
10000000,50,0.16,0.281425
10000000,50,0.18,0.233530
10000000,50,0.20,0.227516
10000000,50,0.25,0.196528
10000000,50,0.30,0.178398
10000000,50,0.35,0.169942
10000000,50,0.40,0.162943
10000000,50,0.50,0.153247
10000000,50,0.60,0.156791
10000000,50,0.80,0.148797
10000000,50,1.00,0.143379
10000000,75,0.001,35.269801
10000000,75,0.002,36.841389
10000000,75,0.004,39.179195
10000000,75,0.006,39.017431
10000000,75,0.008,19.099693
10000000,75,0.01,9.598058
10000000,75,0.02,2.212291
10000000,75,0.03,1.360857
10000000,75,0.04,0.944476
10000000,75,0.05,0.729214
10000000,75,0.06,0.611914
10000000,75,0.08,0.491580
10000000,75,0.10,0.363224
10000000,75,0.12,0.313533
10000000,75,0.14,0.289444
10000000,75,0.15,0.297090
10000000,75,0.16,0.258963
10000000,75,0.18,0.250994
10000000,75,0.20,0.229484
10000000,75,0.25,0.208910
10000000,75,0.30,0.183249
10000000,75,0.35,0.163231
10000000,75,0.40,0.171249
10000000,75,0.50,0.149809
10000000,75,0.60,0.143764
10000000,75,0.80,0.152449
10000000,75,1.00,0.141469
10000000,100,0.001,53.033826
10000000,100,0.002,25.156281
10000000,100,0.004,37.542376
10000000,100,0.006,35.552197
10000000,100,0.008,18.247832
10000000,100,0.01,9.713011
10000000,100,0.02,2.375255
10000000,100,0.03,1.336021
10000000,100,0.04,0.895402
10000000,100,0.05,0.744086
10000000,100,0.06,0.597513
10000000,100,0.08,0.440250
10000000,100,0.10,0.415755
10000000,100,0.12,0.330385
10000000,100,0.14,0.300471
10000000,100,0.15,0.278643
10000000,100,0.16,0.261182
10000000,100,0.18,0.242806
10000000,100,0.20,0.223891
10000000,100,0.25,0.196468
10000000,100,0.30,0.182128
10000000,100,0.35,0.166529
10000000,100,0.40,0.167899
10000000,100,0.50,0.146258
10000000,100,0.60,0.147569
10000000,100,0.80,0.140030
10000000,100,1.00,0.142257
10000000,150,0.001,32.384517
10000000,150,0.002,34.445129
10000000,150,0.004,36.199674
10000000,150,0.006,21.133595
10000000,150,0.008,33.330807
10000000,150,0.01,9.230145
10000000,150,0.02,2.256293
10000000,150,0.03,1.189749
10000000,150,0.04,0.986455
10000000,150,0.05,0.772620
10000000,150,0.06,0.657471
10000000,150,0.08,0.458971
10000000,150,0.10,0.395922
10000000,150,0.12,0.308780
10000000,150,0.14,0.305819
10000000,150,0.15,0.264812
10000000,150,0.16,0.250560
10000000,150,0.18,0.262188
10000000,150,0.20,0.228566
10000000,150,0.25,0.191728
10000000,150,0.30,0.183135
10000000,150,0.35,0.180921
10000000,150,0.40,0.161534
10000000,150,0.50,0.160303
10000000,150,0.60,0.155289
10000000,150,0.80,0.150948
10000000,150,1.00,0.145003
10000000,200,0.001,31.728231
10000000,200,0.002,33.055863
10000000,200,0.004,34.490899
10000000,200,0.006,31.106519
10000000,200,0.008,20.684956
10000000,200,0.01,9.939119
10000000,200,0.02,2.023545
10000000,200,0.03,1.423911
10000000,200,0.04,0.881067
10000000,200,0.05,0.799383
10000000,200,0.06,0.582113
10000000,200,0.08,0.482571
10000000,200,0.10,0.391387
10000000,200,0.12,0.328924
10000000,200,0.14,0.286764
10000000,200,0.15,0.271063
10000000,200,0.16,0.230883
10000000,200,0.18,0.237419
10000000,200,0.20,0.221890
10000000,200,0.25,0.185341
10000000,200,0.30,0.180359
10000000,200,0.35,0.172107
10000000,200,0.40,0.172095
10000000,200,0.50,0.154611
10000000,200,0.60,0.157113
10000000,200,0.80,0.144406
10000000,200,1.00,0.136619
10000000,250,0.001,33.894497
10000000,250,0.002,29.685764
10000000,250,0.004,27.812164
10000000,250,0.006,32.274676
10000000,250,0.008,12.008599
10000000,250,0.01,12.062751
10000000,250,0.02,2.113530
10000000,250,0.03,1.318792
10000000,250,0.04,0.931179
10000000,250,0.05,0.745541
10000000,250,0.06,0.633991
10000000,250,0.08,0.480835
10000000,250,0.10,0.407385
10000000,250,0.12,0.321251
10000000,250,0.14,0.300652
10000000,250,0.15,0.283578
10000000,250,0.16,0.277781
10000000,250,0.18,0.249400
10000000,250,0.20,0.225161
10000000,250,0.25,0.184221
10000000,250,0.30,0.174114
10000000,250,0.35,0.179019
10000000,250,0.40,0.165551
10000000,250,0.50,0.161375
10000000,250,0.60,0.157939
10000000,250,0.80,0.144650
10000000,250,1.00,0.144469
10000000,300,0.001,32.009980
10000000,300,0.002,40.885072
10000000,300,0.004,44.069697
10000000,300,0.006,28.135730
10000000,300,0.008,15.020330
10000000,300,0.01,8.835160
10000000,300,0.02,2.151505
10000000,300,0.03,1.373949
10000000,300,0.04,0.869725
10000000,300,0.05,0.826439
10000000,300,0.06,0.661180
10000000,300,0.08,0.498467
10000000,300,0.10,0.376660
10000000,300,0.12,0.311995
10000000,300,0.14,0.313889
10000000,300,0.15,0.272582
10000000,300,0.16,0.284996
10000000,300,0.18,0.239277
10000000,300,0.20,0.210822
10000000,300,0.25,0.199917
10000000,300,0.30,0.189054
10000000,300,0.35,0.170478
10000000,300,0.40,0.158462
10000000,300,0.50,0.158626
10000000,300,0.60,0.154417
10000000,300,0.80,0.142647
10000000,300,1.00,0.145790
10000000,400,0.001,31.000075
10000000,400,0.002,48.797526
10000000,400,0.004,28.092779
10000000,400,0.006,24.151102
10000000,400,0.008,13.951270
10000000,400,0.01,8.918720
10000000,400,0.02,2.078962
10000000,400,0.03,1.331948
10000000,400,0.04,0.974768
10000000,400,0.05,0.771708
10000000,400,0.06,0.636595
10000000,400,0.08,0.478379
10000000,400,0.10,0.383416
10000000,400,0.12,0.316822
10000000,400,0.14,0.312540
10000000,400,0.15,0.290495
10000000,400,0.16,0.263862
10000000,400,0.18,0.224891
10000000,400,0.20,0.211761
10000000,400,0.25,0.181212
10000000,400,0.30,0.173091
10000000,400,0.35,0.165418
10000000,400,0.40,0.163669
10000000,400,0.50,0.157975
10000000,400,0.60,0.148659
10000000,400,0.80,0.148730
10000000,400,1.00,0.145420
10000000,500,0.001,42.450647
10000000,500,0.002,36.436478
10000000,500,0.004,30.334587
10000000,500,0.006,24.645046
10000000,500,0.008,14.718708
10000000,500,0.01,8.896926
10000000,500,0.02,1.969316
10000000,500,0.03,1.090966
10000000,500,0.04,0.998583
10000000,500,0.05,0.840223
10000000,500,0.06,0.578350
10000000,500,0.08,0.487098
10000000,500,0.10,0.390214
10000000,500,0.12,0.320684
10000000,500,0.14,0.278732
10000000,500,0.15,0.305631
10000000,500,0.16,0.241225
10000000,500,0.18,0.249664
10000000,500,0.20,0.228088
10000000,500,0.25,0.201375
10000000,500,0.30,0.177962
10000000,500,0.35,0.176781
10000000,500,0.40,0.166349
10000000,500,0.50,0.156963
10000000,500,0.60,0.155921
10000000,500,0.80,0.155424
10000000,500,1.00,0.153540
10000000,600,0.001,27.331170
10000000,600,0.002,41.625529
10000000,600,0.004,25.757494
10000000,600,0.006,37.916415
10000000,600,0.008,15.886495
10000000,600,0.01,9.689458
10000000,600,0.02,2.419331
10000000,600,0.03,1.248475
10000000,600,0.04,0.914658
10000000,600,0.05,0.722671
10000000,600,0.06,0.654197
10000000,600,0.08,0.473683
10000000,600,0.10,0.374206
10000000,600,0.12,0.301931
10000000,600,0.14,0.278735
10000000,600,0.15,0.276362
10000000,600,0.16,0.293620
10000000,600,0.18,0.259309
10000000,600,0.20,0.222232
10000000,600,0.25,0.208078
10000000,600,0.30,0.192782
10000000,600,0.35,0.188276
10000000,600,0.40,0.170334
10000000,600,0.50,0.160317
10000000,600,0.60,0.149897
10000000,600,0.80,0.139651
10000000,600,1.00,0.142739
10000000,800,0.001,29.081254
10000000,800,0.002,35.119091
10000000,800,0.004,27.319235
10000000,800,0.006,25.019221
10000000,800,0.008,16.734269
10000000,800,0.01,7.413190
10000000,800,0.02,2.170342
10000000,800,0.03,1.268076
10000000,800,0.04,0.950426
10000000,800,0.05,0.777905
10000000,800,0.06,0.593539
10000000,800,0.08,0.479626
10000000,800,0.10,0.417255
10000000,800,0.12,0.306356
10000000,800,0.14,0.279698
10000000,800,0.15,0.271721
10000000,800,0.16,0.269012
10000000,800,0.18,0.241068
10000000,800,0.20,0.216698
10000000,800,0.25,0.210481
10000000,800,0.30,0.180427
10000000,800,0.35,0.171628
10000000,800,0.40,0.165351
10000000,800,0.50,0.157815
10000000,800,0.60,0.148646
10000000,800,0.80,0.146600
10000000,800,1.00,0.138919
10000000,1000,0.001,34.734054
10000000,1000,0.002,54.639538
10000000,1000,0.004,40.645932
10000000,1000,0.006,22.690951
10000000,1000,0.008,16.602752
10000000,1000,0.01,9.419944
10000000,1000,0.02,2.417031
10000000,1000,0.03,1.438374
10000000,1000,0.04,0.887782
10000000,1000,0.05,0.685633
10000000,1000,0.06,0.643888
10000000,1000,0.08,0.454204
10000000,1000,0.10,0.375285
10000000,1000,0.12,0.302709
10000000,1000,0.14,0.294231
10000000,1000,0.15,0.262884
10000000,1000,0.16,0.262932
10000000,1000,0.18,0.250479
10000000,1000,0.20,0.226497
10000000,1000,0.25,0.204170
10000000,1000,0.30,0.184179
10000000,1000,0.35,0.179008
10000000,1000,0.40,0.158729
10000000,1000,0.50,0.148996
10000000,1000,0.60,0.144198
10000000,1000,0.80,0.138888
10000000,1000,1.00,0.138591
50000000,1,0.001,41.135003
50000000,1,0.002,40.183934
50000000,1,0.004,25.300261
50000000,1,0.006,35.281046
50000000,1,0.008,28.500225
50000000,1,0.01,39.222971
50000000,1,0.02,49.884776
50000000,1,0.03,41.605306
50000000,1,0.04,45.409648
50000000,1,0.05,29.707076
50000000,1,0.06,32.461732
50000000,1,0.08,14.538012
50000000,1,0.10,10.613192
50000000,1,0.12,5.832236
50000000,1,0.14,2.985043
50000000,1,0.15,3.299268
50000000,1,0.16,2.739568
50000000,1,0.18,2.801201
50000000,1,0.20,2.380465
50000000,1,0.25,1.611486
50000000,1,0.30,1.400626
50000000,1,0.35,1.133357
50000000,1,0.40,1.000000
50000000,1,0.50,0.802516
50000000,1,0.60,0.760757
50000000,1,0.80,0.591075
50000000,1,1.00,0.541975
50000000,2,0.001,31.693976
50000000,2,0.002,28.244389
50000000,2,0.004,30.937476
50000000,2,0.006,37.363716
50000000,2,0.008,40.505031
50000000,2,0.01,26.172294
50000000,2,0.02,24.016535
50000000,2,0.03,12.077962
50000000,2,0.04,5.422146
50000000,2,0.05,2.627389
50000000,2,0.06,1.985078
50000000,2,0.08,1.838804
50000000,2,0.10,1.192503
50000000,2,0.12,1.044763
50000000,2,0.14,0.803269
50000000,2,0.15,0.859315
50000000,2,0.16,0.790971
50000000,2,0.18,0.684757
50000000,2,0.20,0.630289
50000000,2,0.25,0.517549
50000000,2,0.30,0.481339
50000000,2,0.35,0.430731
50000000,2,0.40,0.358022
50000000,2,0.50,0.362908
50000000,2,0.60,0.326523
50000000,2,0.80,0.291201
50000000,2,1.00,0.298951
50000000,5,0.001,36.916185
50000000,5,0.002,34.109468
50000000,5,0.004,25.282070
50000000,5,0.006,33.700087
50000000,5,0.008,36.363133
50000000,5,0.01,23.083710
50000000,5,0.02,6.104251
50000000,5,0.03,2.069181
50000000,5,0.04,1.586671
50000000,5,0.05,1.144764
50000000,5,0.06,0.895957
50000000,5,0.08,0.739556
50000000,5,0.10,0.624381
50000000,5,0.12,0.506706
50000000,5,0.14,0.448964
50000000,5,0.15,0.447002
50000000,5,0.16,0.400611
50000000,5,0.18,0.356041
50000000,5,0.20,0.314431
50000000,5,0.25,0.297225
50000000,5,0.30,0.255704
50000000,5,0.35,0.226657
50000000,5,0.40,0.224405
50000000,5,0.50,0.215255
50000000,5,0.60,0.204867
50000000,5,0.80,0.181417
50000000,5,1.00,0.184674
50000000,10,0.001,26.255233
50000000,10,0.002,37.196247
50000000,10,0.004,33.725271
50000000,10,0.006,36.355691
50000000,10,0.008,33.590286
50000000,10,0.01,19.386511
50000000,10,0.02,2.916843
50000000,10,0.03,1.768066
50000000,10,0.04,1.219749
50000000,10,0.05,0.975668
50000000,10,0.06,0.813880
50000000,10,0.08,0.591821
50000000,10,0.10,0.506983
50000000,10,0.12,0.389952
50000000,10,0.14,0.371842
50000000,10,0.15,0.316969
50000000,10,0.16,0.313922
50000000,10,0.18,0.292853
50000000,10,0.20,0.252366
50000000,10,0.25,0.241278
50000000,10,0.30,0.210283
50000000,10,0.35,0.206873
50000000,10,0.40,0.185561
50000000,10,0.50,0.167618
50000000,10,0.60,0.175740
50000000,10,0.80,0.154636
50000000,10,1.00,0.160522
50000000,20,0.001,37.994739
50000000,20,0.002,32.771330
50000000,20,0.004,30.161883
50000000,20,0.006,19.825722
50000000,20,0.008,27.669866
50000000,20,0.01,13.210136
50000000,20,0.02,2.588036
50000000,20,0.03,1.644109
50000000,20,0.04,1.057766
50000000,20,0.05,0.853850
50000000,20,0.06,0.717571
50000000,20,0.08,0.519392
50000000,20,0.10,0.430998
50000000,20,0.12,0.369210
50000000,20,0.14,0.312345
50000000,20,0.15,0.319091
50000000,20,0.16,0.292071
50000000,20,0.18,0.286478
50000000,20,0.20,0.251632
50000000,20,0.25,0.204997
50000000,20,0.30,0.193237
50000000,20,0.35,0.190116
50000000,20,0.40,0.169105
50000000,20,0.50,0.160466
50000000,20,0.60,0.152767
50000000,20,0.80,0.145556
50000000,20,1.00,0.148577
50000000,30,0.001,36.265099
50000000,30,0.002,35.648992
50000000,30,0.004,38.420790
50000000,30,0.006,35.726837
50000000,30,0.008,25.020432
50000000,30,0.01,11.187842
50000000,30,0.02,2.190798
50000000,30,0.03,1.316223
50000000,30,0.04,1.049660
50000000,30,0.05,0.857572
50000000,30,0.06,0.645235
50000000,30,0.08,0.506626
50000000,30,0.10,0.429691
50000000,30,0.12,0.335951
50000000,30,0.14,0.321403
50000000,30,0.15,0.284716
50000000,30,0.16,0.282950
50000000,30,0.18,0.255349
50000000,30,0.20,0.223268
50000000,30,0.25,0.202297
50000000,30,0.30,0.193860
50000000,30,0.35,0.183075
50000000,30,0.40,0.165016
50000000,30,0.50,0.153302
50000000,30,0.60,0.150469
50000000,30,0.80,0.137723
50000000,30,1.00,0.142776
50000000,40,0.001,31.069324
50000000,40,0.002,54.295319
50000000,40,0.004,34.617473
50000000,40,0.006,27.876038
50000000,40,0.008,20.722922
50000000,40,0.01,12.886571
50000000,40,0.02,2.457826
50000000,40,0.03,1.352896
50000000,40,0.04,1.035394
50000000,40,0.05,0.740639
50000000,40,0.06,0.740301
50000000,40,0.08,0.442092
50000000,40,0.10,0.409643
50000000,40,0.12,0.340058
50000000,40,0.14,0.297604
50000000,40,0.15,0.275546
50000000,40,0.16,0.288381
50000000,40,0.18,0.254668
50000000,40,0.20,0.242578
50000000,40,0.25,0.222016
50000000,40,0.30,0.184726
50000000,40,0.35,0.182020
50000000,40,0.40,0.174861
50000000,40,0.50,0.152509
50000000,40,0.60,0.161139
50000000,40,0.80,0.148974
50000000,40,1.00,0.143964
50000000,50,0.001,33.703645
50000000,50,0.002,30.776133
50000000,50,0.004,20.799532
50000000,50,0.006,21.933188
50000000,50,0.008,18.610743
50000000,50,0.01,9.881737
50000000,50,0.02,2.411596
50000000,50,0.03,1.430984
50000000,50,0.04,0.970941
50000000,50,0.05,0.843444
50000000,50,0.06,0.672261
50000000,50,0.08,0.499004
50000000,50,0.10,0.391283
50000000,50,0.12,0.333010
50000000,50,0.14,0.312169
50000000,50,0.15,0.297466
50000000,50,0.16,0.259383
50000000,50,0.18,0.268864
50000000,50,0.20,0.238770
50000000,50,0.25,0.215322
50000000,50,0.30,0.194722
50000000,50,0.35,0.184043
50000000,50,0.40,0.165813
50000000,50,0.50,0.159235
50000000,50,0.60,0.153487
50000000,50,0.80,0.151634
50000000,50,1.00,0.145997
50000000,75,0.001,36.070332
50000000,75,0.002,27.946030
50000000,75,0.004,50.006430
50000000,75,0.006,29.168610
50000000,75,0.008,16.363902
50000000,75,0.01,11.040067
50000000,75,0.02,2.513709
50000000,75,0.03,1.296476
50000000,75,0.04,0.942116
50000000,75,0.05,0.712717
50000000,75,0.06,0.671667
50000000,75,0.08,0.490033
50000000,75,0.10,0.363498
50000000,75,0.12,0.358747
50000000,75,0.14,0.300947
50000000,75,0.15,0.268276
50000000,75,0.16,0.275039
50000000,75,0.18,0.246043
50000000,75,0.20,0.248117
50000000,75,0.25,0.198695
50000000,75,0.30,0.178225
50000000,75,0.35,0.171259
50000000,75,0.40,0.166221
50000000,75,0.50,0.156738
50000000,75,0.60,0.144831
50000000,75,0.80,0.141903
50000000,75,1.00,0.140416
50000000,100,0.001,35.418926
50000000,100,0.002,40.419998
50000000,100,0.004,37.518656
50000000,100,0.006,26.536842
50000000,100,0.008,18.044476
50000000,100,0.01,10.464670
50000000,100,0.02,2.086997
50000000,100,0.03,1.173249
50000000,100,0.04,0.969664
50000000,100,0.05,0.757474
50000000,100,0.06,0.599740
50000000,100,0.08,0.432009
50000000,100,0.10,0.366648
50000000,100,0.12,0.340131
50000000,100,0.14,0.284861
50000000,100,0.15,0.271741
50000000,100,0.16,0.277776
50000000,100,0.18,0.236445
50000000,100,0.20,0.227445
50000000,100,0.25,0.181611
50000000,100,0.30,0.183010
50000000,100,0.35,0.178307
50000000,100,0.40,0.154621
50000000,100,0.50,0.153040
50000000,100,0.60,0.142224
50000000,100,0.80,0.135798
50000000,100,1.00,0.137271
50000000,150,0.001,45.756994
50000000,150,0.002,32.948046
50000000,150,0.004,45.805593
50000000,150,0.006,41.146482
50000000,150,0.008,13.858678
50000000,150,0.01,9.422322
50000000,150,0.02,2.223323
50000000,150,0.03,1.221450
50000000,150,0.04,0.869953
50000000,150,0.05,0.786156
50000000,150,0.06,0.644696
50000000,150,0.08,0.483169
50000000,150,0.10,0.385718
50000000,150,0.12,0.339128
50000000,150,0.14,0.308506
50000000,150,0.15,0.283286
50000000,150,0.16,0.276380
50000000,150,0.18,0.229720
50000000,150,0.20,0.224077
50000000,150,0.25,0.191779
50000000,150,0.30,0.169795
50000000,150,0.35,0.169757
50000000,150,0.40,0.171517
50000000,150,0.50,0.148100
50000000,150,0.60,0.159185
50000000,150,0.80,0.143121
50000000,150,1.00,0.146865
50000000,200,0.001,43.712511
50000000,200,0.002,45.741940
50000000,200,0.004,34.734719
50000000,200,0.006,23.893547
50000000,200,0.008,14.319146
50000000,200,0.01,10.112895
50000000,200,0.02,1.877141
50000000,200,0.03,1.348686
50000000,200,0.04,1.036281
50000000,200,0.05,0.756524
50000000,200,0.06,0.645283
50000000,200,0.08,0.482909
50000000,200,0.10,0.381666
50000000,200,0.12,0.337677
50000000,200,0.14,0.293847
50000000,200,0.15,0.299790
50000000,200,0.16,0.266019
50000000,200,0.18,0.245189
50000000,200,0.20,0.237304
50000000,200,0.25,0.197091
50000000,200,0.30,0.176372
50000000,200,0.35,0.179304
50000000,200,0.40,0.156945
50000000,200,0.50,0.153674
50000000,200,0.60,0.149081
50000000,200,0.80,0.139756
50000000,200,1.00,0.138669
50000000,250,0.001,43.205230
50000000,250,0.002,29.547210
50000000,250,0.004,39.547687
50000000,250,0.006,29.866012
50000000,250,0.008,22.345620
50000000,250,0.01,7.858335
50000000,250,0.02,2.463591
50000000,250,0.03,1.413778
50000000,250,0.04,0.957305
50000000,250,0.05,0.730477
50000000,250,0.06,0.656420
50000000,250,0.08,0.492731
50000000,250,0.10,0.388929
50000000,250,0.12,0.336774
50000000,250,0.14,0.280981
50000000,250,0.15,0.271949
50000000,250,0.16,0.277531
50000000,250,0.18,0.253549
50000000,250,0.20,0.219236
50000000,250,0.25,0.204976
50000000,250,0.30,0.176353
50000000,250,0.35,0.163927
50000000,250,0.40,0.148795
50000000,250,0.50,0.145400
50000000,250,0.60,0.146539
50000000,250,0.80,0.141998
50000000,250,1.00,0.140963
50000000,300,0.001,41.482955
50000000,300,0.002,36.055699
50000000,300,0.004,34.152462
50000000,300,0.006,21.613228
50000000,300,0.008,20.417609
50000000,300,0.01,7.719240
50000000,300,0.02,2.459688
50000000,300,0.03,1.244894
50000000,300,0.04,0.970810
50000000,300,0.05,0.778944
50000000,300,0.06,0.626964
50000000,300,0.08,0.492841
50000000,300,0.10,0.397380
50000000,300,0.12,0.333192
50000000,300,0.14,0.279395
50000000,300,0.15,0.279493
50000000,300,0.16,0.261848
50000000,300,0.18,0.264598
50000000,300,0.20,0.226722
50000000,300,0.25,0.198580
50000000,300,0.30,0.176190
50000000,300,0.35,0.178778
50000000,300,0.40,0.154173
50000000,300,0.50,0.150920
50000000,300,0.60,0.138214
50000000,300,0.80,0.135123
50000000,300,1.00,0.130086
50000000,400,0.001,49.918197
50000000,400,0.002,51.800262
50000000,400,0.004,28.866497
50000000,400,0.006,29.760570
50000000,400,0.008,19.146394
50000000,400,0.01,6.786367
50000000,400,0.02,2.606247
50000000,400,0.03,1.253456
50000000,400,0.04,0.925256
50000000,400,0.05,0.739789
50000000,400,0.06,0.599721
50000000,400,0.08,0.475607
50000000,400,0.10,0.365067
50000000,400,0.12,0.342385
50000000,400,0.14,0.293741
50000000,400,0.15,0.260485
50000000,400,0.16,0.258153
50000000,400,0.18,0.242382
50000000,400,0.20,0.234082
50000000,400,0.25,0.205076
50000000,400,0.30,0.188141
50000000,400,0.35,0.173115
50000000,400,0.40,0.161591
50000000,400,0.50,0.163647
50000000,400,0.60,0.150963
50000000,400,0.80,0.143714
50000000,400,1.00,0.155192
50000000,500,0.001,29.264940
50000000,500,0.002,39.997655
50000000,500,0.004,51.710616
50000000,500,0.006,23.451705
50000000,500,0.008,18.020029
50000000,500,0.01,12.376396
50000000,500,0.02,2.160540
50000000,500,0.03,1.243839
50000000,500,0.04,0.892621
50000000,500,0.05,0.797918
50000000,500,0.06,0.604843
50000000,500,0.08,0.465105
50000000,500,0.10,0.380621
50000000,500,0.12,0.330210
50000000,500,0.14,0.294754
50000000,500,0.15,0.264176
50000000,500,0.16,0.272762
50000000,500,0.18,0.225368
50000000,500,0.20,0.222812
50000000,500,0.25,0.184232
50000000,500,0.30,0.173179
50000000,500,0.35,0.171165
50000000,500,0.40,0.157246
50000000,500,0.50,0.160302
50000000,500,0.60,0.145001
50000000,500,0.80,0.142743
50000000,500,1.00,0.142891
50000000,600,0.001,34.395062
50000000,600,0.002,44.287861
50000000,600,0.004,61.090771
50000000,600,0.006,31.917202
50000000,600,0.008,15.910927
50000000,600,0.01,9.579307
50000000,600,0.02,2.146360
50000000,600,0.03,1.292663
50000000,600,0.04,0.950560
50000000,600,0.05,0.731644
50000000,600,0.06,0.649536
50000000,600,0.08,0.484734
50000000,600,0.10,0.377095
50000000,600,0.12,0.314915
50000000,600,0.14,0.290903
50000000,600,0.15,0.282263
50000000,600,0.16,0.258343
50000000,600,0.18,0.237882
50000000,600,0.20,0.230927
50000000,600,0.25,0.201918
50000000,600,0.30,0.180915
50000000,600,0.35,0.168308
50000000,600,0.40,0.158910
50000000,600,0.50,0.143549
50000000,600,0.60,0.143323
50000000,600,0.80,0.144746
50000000,600,1.00,0.135461
50000000,800,0.001,37.744894
50000000,800,0.002,33.347539
50000000,800,0.004,27.267575
50000000,800,0.006,23.869249
50000000,800,0.008,18.066961
50000000,800,0.01,10.140181
50000000,800,0.02,2.379734
50000000,800,0.03,1.460926
50000000,800,0.04,0.998570
50000000,800,0.05,0.732900
50000000,800,0.06,0.626277
50000000,800,0.08,0.493861
50000000,800,0.10,0.381519
50000000,800,0.12,0.347915
50000000,800,0.14,0.296836
50000000,800,0.15,0.271199
50000000,800,0.16,0.265620
50000000,800,0.18,0.243272
50000000,800,0.20,0.237583
50000000,800,0.25,0.205501
50000000,800,0.30,0.176542
50000000,800,0.35,0.175931
50000000,800,0.40,0.168301
50000000,800,0.50,0.157950
50000000,800,0.60,0.155592
50000000,800,0.80,0.148938
50000000,800,1.00,0.143293
50000000,1000,0.001,36.171244
50000000,1000,0.002,48.955719
50000000,1000,0.004,26.335550
50000000,1000,0.006,34.036650
50000000,1000,0.008,19.144563
50000000,1000,0.01,7.162699
50000000,1000,0.02,1.955910
50000000,1000,0.03,1.409554
50000000,1000,0.04,1.028339
50000000,1000,0.05,0.735134
50000000,1000,0.06,0.617521
50000000,1000,0.08,0.502371
50000000,1000,0.10,0.401906
50000000,1000,0.12,0.350602
50000000,1000,0.14,0.324580
50000000,1000,0.15,0.266460
50000000,1000,0.16,0.260315
50000000,1000,0.18,0.256790
50000000,1000,0.20,0.230082
50000000,1000,0.25,0.193568
50000000,1000,0.30,0.188098
50000000,1000,0.35,0.173010
50000000,1000,0.40,0.165065
50000000,1000,0.50,0.144288
50000000,1000,0.60,0.149455
50000000,1000,0.80,0.147088
50000000,1000,1.00,0.140184
100000000,1,0.001,27.338735
100000000,1,0.002,34.368792
100000000,1,0.004,47.787865
100000000,1,0.006,32.223175
100000000,1,0.008,22.379358
100000000,1,0.01,44.267307
100000000,1,0.02,33.069174
100000000,1,0.03,37.483375
100000000,1,0.04,32.071191
100000000,1,0.05,31.909727
100000000,1,0.06,41.964966
100000000,1,0.08,32.420892
100000000,1,0.10,31.269122
100000000,1,0.12,36.671620
100000000,1,0.14,41.601315
100000000,1,0.15,35.870397
100000000,1,0.16,39.666031
100000000,1,0.18,47.536408
100000000,1,0.20,45.465071
100000000,1,0.25,35.809402
100000000,1,0.30,33.777209
100000000,1,0.35,35.773803
100000000,1,0.40,30.291616
100000000,1,0.50,24.227426
100000000,1,0.60,27.978169
100000000,1,0.80,12.591268
100000000,1,1.00,10.659390
100000000,2,0.001,29.410289
100000000,2,0.002,33.162940
100000000,2,0.004,28.376801
100000000,2,0.006,36.779167
100000000,2,0.008,39.380640
100000000,2,0.01,30.309302
100000000,2,0.02,36.981526
100000000,2,0.03,38.166982
100000000,2,0.04,50.110673
100000000,2,0.05,40.317074
100000000,2,0.06,24.970511
100000000,2,0.08,11.527177
100000000,2,0.10,10.673189
100000000,2,0.12,6.482854
100000000,2,0.14,3.901957
100000000,2,0.15,3.507689
100000000,2,0.16,2.723809
100000000,2,0.18,2.484551
100000000,2,0.20,1.881223
100000000,2,0.25,1.605724
100000000,2,0.30,1.282819
100000000,2,0.35,1.179928
100000000,2,0.40,0.947059
100000000,2,0.50,1.000000
100000000,2,0.60,0.766230
100000000,2,0.80,0.612073
100000000,2,1.00,0.541979
100000000,5,0.001,38.897791
100000000,5,0.002,36.197728
100000000,5,0.004,41.932207
100000000,5,0.006,28.332306
100000000,5,0.008,39.345047
100000000,5,0.01,49.334202
100000000,5,0.02,13.592514
100000000,5,0.03,5.271952
100000000,5,0.04,3.599707
100000000,5,0.05,2.163628
100000000,5,0.06,1.849058
100000000,5,0.08,1.139144
100000000,5,0.10,0.957151
100000000,5,0.12,0.782792
100000000,5,0.14,0.656312
100000000,5,0.15,0.671418
100000000,5,0.16,0.640148
100000000,5,0.18,0.577489
100000000,5,0.20,0.478695
100000000,5,0.25,0.387664
100000000,5,0.30,0.367028
100000000,5,0.35,0.341551
100000000,5,0.40,0.319803
100000000,5,0.50,0.266375
100000000,5,0.60,0.258725
100000000,5,0.80,0.239869
100000000,5,1.00,0.235493
100000000,10,0.001,38.655782
100000000,10,0.002,29.339696
100000000,10,0.004,30.856306
100000000,10,0.006,42.487640
100000000,10,0.008,34.799684
100000000,10,0.01,26.284286
100000000,10,0.02,5.597582
100000000,10,0.03,2.413384
100000000,10,0.04,1.380469
100000000,10,0.05,1.111404
100000000,10,0.06,1.055756
100000000,10,0.08,0.712083
100000000,10,0.10,0.612058
100000000,10,0.12,0.497158
100000000,10,0.14,0.466435
100000000,10,0.15,0.426100
100000000,10,0.16,0.380771
100000000,10,0.18,0.370667
100000000,10,0.20,0.310671
100000000,10,0.25,0.293091
100000000,10,0.30,0.261604
100000000,10,0.35,0.240235
100000000,10,0.40,0.226157
100000000,10,0.50,0.204495
100000000,10,0.60,0.189068
100000000,10,0.80,0.180074
100000000,10,1.00,0.187518
100000000,20,0.001,31.611235
100000000,20,0.002,49.165230
100000000,20,0.004,44.504645
100000000,20,0.006,24.327894
100000000,20,0.008,28.097033
100000000,20,0.01,15.725582
100000000,20,0.02,3.245633
100000000,20,0.03,1.789469
100000000,20,0.04,1.275091
100000000,20,0.05,1.000305
100000000,20,0.06,0.743559
100000000,20,0.08,0.559254
100000000,20,0.10,0.471288
100000000,20,0.12,0.392773
100000000,20,0.14,0.350366
100000000,20,0.15,0.331295
100000000,20,0.16,0.311609
100000000,20,0.18,0.283712
100000000,20,0.20,0.290383
100000000,20,0.25,0.236706
100000000,20,0.30,0.215819
100000000,20,0.35,0.211145
100000000,20,0.40,0.177145
100000000,20,0.50,0.170951
100000000,20,0.60,0.160710
100000000,20,0.80,0.162965
100000000,20,1.00,0.157327
100000000,30,0.001,29.461513
100000000,30,0.002,54.585947
100000000,30,0.004,25.206474
100000000,30,0.006,28.201599
100000000,30,0.008,21.878049
100000000,30,0.01,11.937205
100000000,30,0.02,2.758018
100000000,30,0.03,1.543905
100000000,30,0.04,1.231321
100000000,30,0.05,0.821528
100000000,30,0.06,0.813129
100000000,30,0.08,0.534713
100000000,30,0.10,0.488102
100000000,30,0.12,0.378078
100000000,30,0.14,0.333383
100000000,30,0.15,0.350250
100000000,30,0.16,0.311961
100000000,30,0.18,0.273795
100000000,30,0.20,0.240555
100000000,30,0.25,0.240502
100000000,30,0.30,0.196793
100000000,30,0.35,0.166051
100000000,30,0.40,0.171166
100000000,30,0.50,0.165906
100000000,30,0.60,0.159156
100000000,30,0.80,0.147172
100000000,30,1.00,0.145819
100000000,40,0.001,31.892541
100000000,40,0.002,28.338302
100000000,40,0.004,29.512309
100000000,40,0.006,27.052280
100000000,40,0.008,19.593252
100000000,40,0.01,15.734482
100000000,40,0.02,2.397337
100000000,40,0.03,1.440473
100000000,40,0.04,1.015280
100000000,40,0.05,0.810990
100000000,40,0.06,0.700989
100000000,40,0.08,0.522506
100000000,40,0.10,0.431403
100000000,40,0.12,0.374463
100000000,40,0.14,0.335455
100000000,40,0.15,0.307727
100000000,40,0.16,0.274676
100000000,40,0.18,0.269572
100000000,40,0.20,0.244449
100000000,40,0.25,0.219072
100000000,40,0.30,0.201550
100000000,40,0.35,0.189024
100000000,40,0.40,0.181275
100000000,40,0.50,0.166628
100000000,40,0.60,0.157931
100000000,40,0.80,0.160476
100000000,40,1.00,0.151580
100000000,50,0.001,30.300153
100000000,50,0.002,33.541521
100000000,50,0.004,42.345917
100000000,50,0.006,31.947183
100000000,50,0.008,19.619206
100000000,50,0.01,17.941577
100000000,50,0.02,2.644329
100000000,50,0.03,1.356059
100000000,50,0.04,0.921359
100000000,50,0.05,0.829297
100000000,50,0.06,0.652859
100000000,50,0.08,0.546898
100000000,50,0.10,0.437627
100000000,50,0.12,0.346570
100000000,50,0.14,0.308933
100000000,50,0.15,0.268288
100000000,50,0.16,0.286522
100000000,50,0.18,0.258335
100000000,50,0.20,0.230945
100000000,50,0.25,0.223125
100000000,50,0.30,0.200881
100000000,50,0.35,0.183156
100000000,50,0.40,0.168503
100000000,50,0.50,0.156714
100000000,50,0.60,0.153840
100000000,50,0.80,0.148100
100000000,50,1.00,0.147849
100000000,75,0.001,34.275727
100000000,75,0.002,25.723982
100000000,75,0.004,25.317754
100000000,75,0.006,32.139303
100000000,75,0.008,14.497853
100000000,75,0.01,9.982647
100000000,75,0.02,2.436251
100000000,75,0.03,1.544745
100000000,75,0.04,1.072900
100000000,75,0.05,0.807098
100000000,75,0.06,0.698420
100000000,75,0.08,0.533010
100000000,75,0.10,0.429076
100000000,75,0.12,0.361447
100000000,75,0.14,0.305056
100000000,75,0.15,0.311106
100000000,75,0.16,0.289338
100000000,75,0.18,0.255251
100000000,75,0.20,0.240960
100000000,75,0.25,0.213045
100000000,75,0.30,0.182855
100000000,75,0.35,0.178725
100000000,75,0.40,0.167485
100000000,75,0.50,0.165283
100000000,75,0.60,0.160458
100000000,75,0.80,0.145646
100000000,75,1.00,0.146678
100000000,100,0.001,38.066461
100000000,100,0.002,25.812450
100000000,100,0.004,57.201784
100000000,100,0.006,25.356966
100000000,100,0.008,19.259477
100000000,100,0.01,6.600026
100000000,100,0.02,1.857226
100000000,100,0.03,1.304115
100000000,100,0.04,1.007554
100000000,100,0.05,0.775081
100000000,100,0.06,0.680223
100000000,100,0.08,0.515963
100000000,100,0.10,0.388851
100000000,100,0.12,0.366649
100000000,100,0.14,0.306295
100000000,100,0.15,0.316645
100000000,100,0.16,0.282769
100000000,100,0.18,0.244041
100000000,100,0.20,0.237485
100000000,100,0.25,0.208570
100000000,100,0.30,0.187414
100000000,100,0.35,0.169866
100000000,100,0.40,0.170277
100000000,100,0.50,0.155857
100000000,100,0.60,0.155428
100000000,100,0.80,0.141056
100000000,100,1.00,0.143966
100000000,150,0.001,36.485916
100000000,150,0.002,29.233417
100000000,150,0.004,42.236442
100000000,150,0.006,29.690222
100000000,150,0.008,20.118668
100000000,150,0.01,9.566021
100000000,150,0.02,2.437085
100000000,150,0.03,1.321952
100000000,150,0.04,0.936730
100000000,150,0.05,0.818537
100000000,150,0.06,0.645184
100000000,150,0.08,0.450792
100000000,150,0.10,0.369029
100000000,150,0.12,0.350321
100000000,150,0.14,0.281241
100000000,150,0.15,0.283009
100000000,150,0.16,0.267596
100000000,150,0.18,0.257207
100000000,150,0.20,0.242560
100000000,150,0.25,0.205535
100000000,150,0.30,0.190444
100000000,150,0.35,0.162699
100000000,150,0.40,0.162939
100000000,150,0.50,0.145765
100000000,150,0.60,0.157892
100000000,150,0.80,0.149787
100000000,150,1.00,0.141603
100000000,200,0.001,25.960855
100000000,200,0.002,36.685253
100000000,200,0.004,39.348200
100000000,200,0.006,26.187340
100000000,200,0.008,18.373262
100000000,200,0.01,9.386502
100000000,200,0.02,2.149920
100000000,200,0.03,1.246999
100000000,200,0.04,0.920080
100000000,200,0.05,0.758352
100000000,200,0.06,0.634280
100000000,200,0.08,0.487264
100000000,200,0.10,0.389574
100000000,200,0.12,0.351387
100000000,200,0.14,0.291231
100000000,200,0.15,0.287364
100000000,200,0.16,0.263075
100000000,200,0.18,0.224706
100000000,200,0.20,0.221300
100000000,200,0.25,0.212856
100000000,200,0.30,0.180244
100000000,200,0.35,0.164790
100000000,200,0.40,0.180605
100000000,200,0.50,0.158809
100000000,200,0.60,0.153256
100000000,200,0.80,0.149135
100000000,200,1.00,0.141159
100000000,250,0.001,40.363461
100000000,250,0.002,35.052726
100000000,250,0.004,38.587272
100000000,250,0.006,28.009864
100000000,250,0.008,13.235661
100000000,250,0.01,8.847627
100000000,250,0.02,2.286318
100000000,250,0.03,1.247069
100000000,250,0.04,0.922809
100000000,250,0.05,0.763442
100000000,250,0.06,0.615967
100000000,250,0.08,0.507519
100000000,250,0.10,0.387817
100000000,250,0.12,0.336699
100000000,250,0.14,0.291779
100000000,250,0.15,0.309457
100000000,250,0.16,0.284647
100000000,250,0.18,0.246446
100000000,250,0.20,0.227218
100000000,250,0.25,0.219238
100000000,250,0.30,0.204247
100000000,250,0.35,0.179850
100000000,250,0.40,0.171188
100000000,250,0.50,0.169668
100000000,250,0.60,0.164986
100000000,250,0.80,0.156358
100000000,250,1.00,0.160647
100000000,300,0.001,30.132593
100000000,300,0.002,53.354354
100000000,300,0.004,35.912997
100000000,300,0.006,21.924331
100000000,300,0.008,9.836386
100000000,300,0.01,11.037224
100000000,300,0.02,1.898416
100000000,300,0.03,1.206886
100000000,300,0.04,1.072850
100000000,300,0.05,0.746652
100000000,300,0.06,0.661549
100000000,300,0.08,0.504901
100000000,300,0.10,0.388213
100000000,300,0.12,0.316199
100000000,300,0.14,0.287880
100000000,300,0.15,0.273702
100000000,300,0.16,0.265991
100000000,300,0.18,0.237374
100000000,300,0.20,0.215066
100000000,300,0.25,0.202487
100000000,300,0.30,0.157176
100000000,300,0.35,0.171093
100000000,300,0.40,0.161459
100000000,300,0.50,0.154218
100000000,300,0.60,0.139618
100000000,300,0.80,0.137203
100000000,300,1.00,0.139008
100000000,400,0.001,27.173593
100000000,400,0.002,35.638353
100000000,400,0.004,30.343610
100000000,400,0.006,25.747938
100000000,400,0.008,15.474040
100000000,400,0.01,9.513392
100000000,400,0.02,2.378441
100000000,400,0.03,1.332022
100000000,400,0.04,0.957594
100000000,400,0.05,0.711253
100000000,400,0.06,0.618893
100000000,400,0.08,0.468455
100000000,400,0.10,0.421146
100000000,400,0.12,0.329228
100000000,400,0.14,0.296511
100000000,400,0.15,0.284672
100000000,400,0.16,0.255822
100000000,400,0.18,0.254233
100000000,400,0.20,0.243043
100000000,400,0.25,0.203090
100000000,400,0.30,0.174853
100000000,400,0.35,0.165349
100000000,400,0.40,0.171633
100000000,400,0.50,0.157621
100000000,400,0.60,0.150097
100000000,400,0.80,0.159060
100000000,400,1.00,0.145753
100000000,500,0.001,34.798763
100000000,500,0.002,43.485454
100000000,500,0.004,29.121652
100000000,500,0.006,31.995317
100000000,500,0.008,23.748032
100000000,500,0.01,8.966999
100000000,500,0.02,2.057709
100000000,500,0.03,1.374101
100000000,500,0.04,0.858927
100000000,500,0.05,0.704621
100000000,500,0.06,0.601780
100000000,500,0.08,0.466409
100000000,500,0.10,0.388845
100000000,500,0.12,0.318029
100000000,500,0.14,0.280162
100000000,500,0.15,0.274865
100000000,500,0.16,0.260467
100000000,500,0.18,0.233895
100000000,500,0.20,0.226134
100000000,500,0.25,0.198915
100000000,500,0.30,0.179261
100000000,500,0.35,0.170206
100000000,500,0.40,0.164294
100000000,500,0.50,0.157642
100000000,500,0.60,0.150217
100000000,500,0.80,0.144048
100000000,500,1.00,0.147209
100000000,600,0.001,38.893814
100000000,600,0.002,35.727596
100000000,600,0.004,58.356475
100000000,600,0.006,23.430503
100000000,600,0.008,13.850491
100000000,600,0.01,9.321727
100000000,600,0.02,2.156961
100000000,600,0.03,1.198713
100000000,600,0.04,0.915823
100000000,600,0.05,0.744557
100000000,600,0.06,0.626279
100000000,600,0.08,0.439124
100000000,600,0.10,0.384549
100000000,600,0.12,0.337497
100000000,600,0.14,0.303734
100000000,600,0.15,0.290799
100000000,600,0.16,0.272759
100000000,600,0.18,0.240768
100000000,600,0.20,0.222114
100000000,600,0.25,0.202540
100000000,600,0.30,0.188858
100000000,600,0.35,0.171683
100000000,600,0.40,0.161830
100000000,600,0.50,0.165967
100000000,600,0.60,0.162941
100000000,600,0.80,0.153219
100000000,600,1.00,0.153166
100000000,800,0.001,25.237418
100000000,800,0.002,32.267204
100000000,800,0.004,38.964341
100000000,800,0.006,25.828497
100000000,800,0.008,16.865436
100000000,800,0.01,7.290718
100000000,800,0.02,2.063134
100000000,800,0.03,1.273139
100000000,800,0.04,0.972698
100000000,800,0.05,0.752289
100000000,800,0.06,0.626540
100000000,800,0.08,0.489422
100000000,800,0.10,0.408223
100000000,800,0.12,0.340573
100000000,800,0.14,0.310284
100000000,800,0.15,0.291936
100000000,800,0.16,0.250630
100000000,800,0.18,0.260266
100000000,800,0.20,0.226034
100000000,800,0.25,0.217213
100000000,800,0.30,0.190846
100000000,800,0.35,0.173074
100000000,800,0.40,0.161889
100000000,800,0.50,0.154533
100000000,800,0.60,0.149563
100000000,800,0.80,0.143962
100000000,800,1.00,0.138408
100000000,1000,0.001,27.339702
100000000,1000,0.002,25.661474
100000000,1000,0.004,34.650727
100000000,1000,0.006,36.349744
100000000,1000,0.008,15.037399
100000000,1000,0.01,9.991596
100000000,1000,0.02,2.189484
100000000,1000,0.03,1.256766
100000000,1000,0.04,0.912680
100000000,1000,0.05,0.761430
100000000,1000,0.06,0.620430
100000000,1000,0.08,0.450062
100000000,1000,0.10,0.391538
100000000,1000,0.12,0.337202
100000000,1000,0.14,0.297707
100000000,1000,0.15,0.271839
100000000,1000,0.16,0.255950
100000000,1000,0.18,0.233128
100000000,1000,0.20,0.220783
100000000,1000,0.25,0.206311
100000000,1000,0.30,0.172577
100000000,1000,0.35,0.169589
100000000,1000,0.40,0.159130
100000000,1000,0.50,0.164373
100000000,1000,0.60,0.156850
100000000,1000,0.80,0.145044
100000000,1000,1.00,0.141385
500000000,1,0.001,34.903362
500000000,1,0.002,35.988633
500000000,1,0.004,38.666214
500000000,1,0.006,40.070330
500000000,1,0.008,52.065540
500000000,1,0.01,37.172523
500000000,1,0.02,38.403953
500000000,1,0.03,45.990886
500000000,1,0.04,21.833934
500000000,1,0.05,35.097701
500000000,1,0.06,27.584066
500000000,1,0.08,30.243319
500000000,1,0.10,25.128651
500000000,1,0.12,32.904966
500000000,1,0.14,27.125245
500000000,1,0.15,26.877000
500000000,1,0.16,33.873805
500000000,1,0.18,35.250268
500000000,1,0.20,53.160707
500000000,1,0.25,27.987042
500000000,1,0.30,30.023062
500000000,1,0.35,35.773805
500000000,1,0.40,26.207603
500000000,1,0.50,33.873805
500000000,1,0.60,30.336507
500000000,1,0.80,22.182537
500000000,1,1.00, inf
500000000,2,0.001,25.927206
500000000,2,0.002,26.811716
500000000,2,0.004,38.254871
500000000,2,0.006,45.771978
500000000,2,0.008,33.974953
500000000,2,0.01,28.653244
500000000,2,0.02,39.696943
500000000,2,0.03,29.576232
500000000,2,0.04,32.229303
500000000,2,0.05,47.409964
500000000,2,0.06,41.686775
500000000,2,0.08,27.981577
500000000,2,0.10,45.433195
500000000,2,0.12,27.089022
500000000,2,0.14,36.723325
500000000,2,0.15,54.726952
500000000,2,0.16,47.554855
500000000,2,0.18,29.987042
500000000,2,0.20,27.125245
500000000,2,0.25,53.191729
500000000,2,0.30,39.569439
500000000,2,0.35,26.045003
500000000,2,0.40,28.139481
500000000,2,0.50,30.267953
500000000,2,0.60,35.773805
500000000,2,0.80,33.773805
500000000,2,1.00, inf
500000000,5,0.001,27.367089
500000000,5,0.002,31.788291
500000000,5,0.004,35.006750
500000000,5,0.006,35.184459
500000000,5,0.008,27.094146
500000000,5,0.01,30.005532
500000000,5,0.02,41.976701
500000000,5,0.03,40.287543
500000000,5,0.04,30.028481
500000000,5,0.05,27.999139
500000000,5,0.06,24.786239
500000000,5,0.08,38.664863
500000000,5,0.10,33.017473
500000000,5,0.12,36.278347
500000000,5,0.14,32.920879
500000000,5,0.15,39.569439
500000000,5,0.16,38.813107
500000000,5,0.18,27.221838
500000000,5,0.20,38.788958
500000000,5,0.25,38.539951
500000000,5,0.30,39.569439
500000000,5,0.35,33.773805
500000000,5,0.40,33.773805
500000000,5,0.50,24.377063
500000000,5,0.60,26.151758
500000000,5,0.80,14.523146
500000000,5,1.00,10.594674
500000000,10,0.001,31.598887
500000000,10,0.002,33.350723
500000000,10,0.004,30.744825
500000000,10,0.006,40.797135
500000000,10,0.008,46.663220
500000000,10,0.01,34.224805
500000000,10,0.02,37.323723
500000000,10,0.03,46.951143
500000000,10,0.04,39.636312
500000000,10,0.05,30.719106
500000000,10,0.06,25.427699
500000000,10,0.08,21.657812
500000000,10,0.10,6.598347
500000000,10,0.12,4.580243
500000000,10,0.14,4.425025
500000000,10,0.15,3.530534
500000000,10,0.16,2.896639
500000000,10,0.18,2.446376
500000000,10,0.20,2.205479
500000000,10,0.25,1.494877
500000000,10,0.30,1.270222
500000000,10,0.35,1.153085
500000000,10,0.40,1.000000
500000000,10,0.50,0.861029
500000000,10,0.60,0.761342
500000000,10,0.80,0.618772
500000000,10,1.00,0.525842
500000000,20,0.001,40.807040
500000000,20,0.002,44.844058
500000000,20,0.004,30.322356
500000000,20,0.006,37.457821
500000000,20,0.008,40.392417
500000000,20,0.01,43.280309
500000000,20,0.02,22.216629
500000000,20,0.03,7.994263
500000000,20,0.04,4.710073
500000000,20,0.05,3.111466
500000000,20,0.06,2.158051
500000000,20,0.08,1.377049
500000000,20,0.10,1.197921
500000000,20,0.12,1.043732
500000000,20,0.14,0.880730
500000000,20,0.15,0.858469
500000000,20,0.16,0.738880
500000000,20,0.18,0.716640
500000000,20,0.20,0.598039
500000000,20,0.25,0.487103
500000000,20,0.30,0.421208
500000000,20,0.35,0.411105
500000000,20,0.40,0.358088
500000000,20,0.50,0.353936
500000000,20,0.60,0.315001
500000000,20,0.80,0.288932
500000000,20,1.00,0.257215
500000000,30,0.001,27.394660
500000000,30,0.002,31.432065
500000000,30,0.004,40.193082
500000000,30,0.006,47.811060
500000000,30,0.008,28.261521
500000000,30,0.01,27.510622
500000000,30,0.02,11.374699
500000000,30,0.03,3.804717
500000000,30,0.04,2.382053
500000000,30,0.05,1.997238
500000000,30,0.06,1.473817
500000000,30,0.08,1.123459
500000000,30,0.10,0.824837
500000000,30,0.12,0.730424
500000000,30,0.14,0.578314
500000000,30,0.15,0.545198
500000000,30,0.16,0.472871
500000000,30,0.18,0.491101
500000000,30,0.20,0.440095
500000000,30,0.25,0.347662
500000000,30,0.30,0.332798
500000000,30,0.35,0.285148
500000000,30,0.40,0.264252
500000000,30,0.50,0.247344
500000000,30,0.60,0.233454
500000000,30,0.80,0.208115
500000000,30,1.00,0.199862
500000000,40,0.001,26.594000
500000000,40,0.002,49.352689
500000000,40,0.004,40.132110
500000000,40,0.006,35.116126
500000000,40,0.008,33.580617
500000000,40,0.01,28.118230
500000000,40,0.02,6.758786
500000000,40,0.03,2.618953
500000000,40,0.04,1.920713
500000000,40,0.05,1.397115
500000000,40,0.06,1.096093
500000000,40,0.08,0.838753
500000000,40,0.10,0.669735
500000000,40,0.12,0.520166
500000000,40,0.14,0.485782
500000000,40,0.15,0.480950
500000000,40,0.16,0.447131
500000000,40,0.18,0.398039
500000000,40,0.20,0.378392
500000000,40,0.25,0.300624
500000000,40,0.30,0.276013
500000000,40,0.35,0.255122
500000000,40,0.40,0.229779
500000000,40,0.50,0.232241
500000000,40,0.60,0.204940
500000000,40,0.80,0.194573
500000000,40,1.00,0.185838
500000000,50,0.001,34.327671
500000000,50,0.002,40.037447
500000000,50,0.004,28.239749
500000000,50,0.006,37.663069
500000000,50,0.008,33.635174
500000000,50,0.01,39.574235
500000000,50,0.02,5.559583
500000000,50,0.03,2.548993
500000000,50,0.04,1.473006
500000000,50,0.05,1.135038
500000000,50,0.06,0.980653
500000000,50,0.08,0.758605
500000000,50,0.10,0.618325
500000000,50,0.12,0.491259
500000000,50,0.14,0.449290
500000000,50,0.15,0.434133
500000000,50,0.16,0.395089
500000000,50,0.18,0.365063
500000000,50,0.20,0.325605
500000000,50,0.25,0.288086
500000000,50,0.30,0.250702
500000000,50,0.35,0.229760
500000000,50,0.40,0.234288
500000000,50,0.50,0.199188
500000000,50,0.60,0.196481
500000000,50,0.80,0.185279
500000000,50,1.00,0.190046
500000000,75,0.001,40.354223
500000000,75,0.002,37.286953
500000000,75,0.004,42.837174
500000000,75,0.006,41.357879
500000000,75,0.008,29.872670
500000000,75,0.01,23.832748
500000000,75,0.02,3.554190
500000000,75,0.03,2.184630
500000000,75,0.04,1.347019
500000000,75,0.05,0.999190
500000000,75,0.06,0.871728
500000000,75,0.08,0.615156
500000000,75,0.10,0.497669
500000000,75,0.12,0.391155
500000000,75,0.14,0.408302
500000000,75,0.15,0.363454
500000000,75,0.16,0.346128
500000000,75,0.18,0.309520
500000000,75,0.20,0.280106
500000000,75,0.25,0.274562
500000000,75,0.30,0.237548
500000000,75,0.35,0.205633
500000000,75,0.40,0.210359
500000000,75,0.50,0.197358
500000000,75,0.60,0.186276
500000000,75,0.80,0.184853
500000000,75,1.00,0.172415
500000000,100,0.001,33.620651
500000000,100,0.002,43.042571
500000000,100,0.004,32.898961
500000000,100,0.006,34.598935
500000000,100,0.008,36.121194
500000000,100,0.01,23.975024
500000000,100,0.02,3.668868
500000000,100,0.03,1.943613
500000000,100,0.04,1.218759
500000000,100,0.05,0.908113
500000000,100,0.06,0.769415
500000000,100,0.08,0.618521
500000000,100,0.10,0.479697
500000000,100,0.12,0.406306
500000000,100,0.14,0.357006
500000000,100,0.15,0.350881
500000000,100,0.16,0.342131
500000000,100,0.18,0.294973
500000000,100,0.20,0.281742
500000000,100,0.25,0.225170
500000000,100,0.30,0.210406
500000000,100,0.35,0.201900
500000000,100,0.40,0.197869
500000000,100,0.50,0.186492
500000000,100,0.60,0.178862
500000000,100,0.80,0.170986
500000000,100,1.00,0.166960
500000000,150,0.001,33.299224
500000000,150,0.002,43.334138
500000000,150,0.004,42.721283
500000000,150,0.006,34.645738
500000000,150,0.008,22.307014
500000000,150,0.01,19.700124
500000000,150,0.02,2.465632
500000000,150,0.03,1.611167
500000000,150,0.04,1.077508
500000000,150,0.05,0.807802
500000000,150,0.06,0.731996
500000000,150,0.08,0.533065
500000000,150,0.10,0.408924
500000000,150,0.12,0.351127
500000000,150,0.14,0.359838
500000000,150,0.15,0.310828
500000000,150,0.16,0.306907
500000000,150,0.18,0.277154
500000000,150,0.20,0.257714
500000000,150,0.25,0.214122
500000000,150,0.30,0.212778
500000000,150,0.35,0.193689
500000000,150,0.40,0.171165
500000000,150,0.50,0.185337
500000000,150,0.60,0.161832
500000000,150,0.80,0.154290
500000000,150,1.00,0.151639
500000000,200,0.001,31.868055
500000000,200,0.002,34.097251
500000000,200,0.004,33.721912
500000000,200,0.006,20.336973
500000000,200,0.008,18.729686
500000000,200,0.01,21.684591
500000000,200,0.02,2.890687
500000000,200,0.03,1.436801
500000000,200,0.04,1.066864
500000000,200,0.05,0.907367
500000000,200,0.06,0.776960
500000000,200,0.08,0.520162
500000000,200,0.10,0.430160
500000000,200,0.12,0.358916
500000000,200,0.14,0.304745
500000000,200,0.15,0.309279
500000000,200,0.16,0.292974
500000000,200,0.18,0.268001
500000000,200,0.20,0.239196
500000000,200,0.25,0.223007
500000000,200,0.30,0.191167
500000000,200,0.35,0.179451
500000000,200,0.40,0.175802
500000000,200,0.50,0.174586
500000000,200,0.60,0.155259
500000000,200,0.80,0.148363
500000000,200,1.00,0.144610
500000000,250,0.001,39.642315
500000000,250,0.002,26.800798
500000000,250,0.004,43.308743
500000000,250,0.006,23.285476
500000000,250,0.008,18.024802
500000000,250,0.01,12.415263
500000000,250,0.02,2.410133
500000000,250,0.03,1.334123
500000000,250,0.04,1.052512
500000000,250,0.05,0.818784
500000000,250,0.06,0.689777
500000000,250,0.08,0.542673
500000000,250,0.10,0.413338
500000000,250,0.12,0.365091
500000000,250,0.14,0.280930
500000000,250,0.15,0.309164
500000000,250,0.16,0.280664
500000000,250,0.18,0.250732
500000000,250,0.20,0.262880
500000000,250,0.25,0.202424
500000000,250,0.30,0.186177
500000000,250,0.35,0.187627
500000000,250,0.40,0.177910
500000000,250,0.50,0.163967
500000000,250,0.60,0.160798
500000000,250,0.80,0.147344
500000000,250,1.00,0.147179
500000000,300,0.001,46.766550
500000000,300,0.002,32.152089
500000000,300,0.004,29.037388
500000000,300,0.006,26.869655
500000000,300,0.008,18.779328
500000000,300,0.01,11.410099
500000000,300,0.02,2.202341
500000000,300,0.03,1.673176
500000000,300,0.04,0.967175
500000000,300,0.05,0.825102
500000000,300,0.06,0.652078
500000000,300,0.08,0.507787
500000000,300,0.10,0.427754
500000000,300,0.12,0.359841
500000000,300,0.14,0.316751
500000000,300,0.15,0.269200
500000000,300,0.16,0.306575
500000000,300,0.18,0.265523
500000000,300,0.20,0.239373
500000000,300,0.25,0.205023
500000000,300,0.30,0.195124
500000000,300,0.35,0.177519
500000000,300,0.40,0.173015
500000000,300,0.50,0.159254
500000000,300,0.60,0.152849
500000000,300,0.80,0.150246
500000000,300,1.00,0.146507
500000000,400,0.001,30.640320
500000000,400,0.002,39.620151
500000000,400,0.004,25.980711
500000000,400,0.006,27.270266
500000000,400,0.008,26.404262
500000000,400,0.01,8.213686
500000000,400,0.02,2.477498
500000000,400,0.03,1.288817
500000000,400,0.04,1.051404
500000000,400,0.05,0.838267
500000000,400,0.06,0.641093
500000000,400,0.08,0.451518
500000000,400,0.10,0.396494
500000000,400,0.12,0.366790
500000000,400,0.14,0.316029
500000000,400,0.15,0.296980
500000000,400,0.16,0.265278
500000000,400,0.18,0.246432
500000000,400,0.20,0.221319
500000000,400,0.25,0.206233
500000000,400,0.30,0.187174
500000000,400,0.35,0.161624
500000000,400,0.40,0.163009
500000000,400,0.50,0.158698
500000000,400,0.60,0.149411
500000000,400,0.80,0.147737
500000000,400,1.00,0.137136
500000000,500,0.001,29.331373
500000000,500,0.002,34.590498
500000000,500,0.004,31.160953
500000000,500,0.006,29.692042
500000000,500,0.008,16.155459
500000000,500,0.01,10.067905
500000000,500,0.02,2.424366
500000000,500,0.03,1.402069
500000000,500,0.04,0.966703
500000000,500,0.05,0.752086
500000000,500,0.06,0.743414
500000000,500,0.08,0.495225
500000000,500,0.10,0.381515
500000000,500,0.12,0.343492
500000000,500,0.14,0.308222
500000000,500,0.15,0.294399
500000000,500,0.16,0.271566
500000000,500,0.18,0.232311
500000000,500,0.20,0.251970
500000000,500,0.25,0.194805
500000000,500,0.30,0.184258
500000000,500,0.35,0.160274
500000000,500,0.40,0.156566
500000000,500,0.50,0.160270
500000000,500,0.60,0.145935
500000000,500,0.80,0.144898
500000000,500,1.00,0.142696
500000000,600,0.001,42.409497
500000000,600,0.002,37.662990
500000000,600,0.004,39.906376
500000000,600,0.006,31.847516
500000000,600,0.008,17.914464
500000000,600,0.01,11.328402
500000000,600,0.02,2.313351
500000000,600,0.03,1.291929
500000000,600,0.04,0.928651
500000000,600,0.05,0.802626
500000000,600,0.06,0.618612
500000000,600,0.08,0.498962
500000000,600,0.10,0.408141
500000000,600,0.12,0.332784
500000000,600,0.14,0.329965
500000000,600,0.15,0.285350
500000000,600,0.16,0.271633
500000000,600,0.18,0.239358
500000000,600,0.20,0.218956
500000000,600,0.25,0.195534
500000000,600,0.30,0.192187
500000000,600,0.35,0.188016
500000000,600,0.40,0.174791
500000000,600,0.50,0.161777
500000000,600,0.60,0.151904
500000000,600,0.80,0.146467
500000000,600,1.00,0.144927
500000000,800,0.001,35.823464
500000000,800,0.002,40.173234
500000000,800,0.004,34.479458
500000000,800,0.006,26.506273
500000000,800,0.008,14.372629
500000000,800,0.01,14.117655
500000000,800,0.02,2.159264
500000000,800,0.03,1.145702
500000000,800,0.04,0.958888
500000000,800,0.05,0.808816
500000000,800,0.06,0.654993
500000000,800,0.08,0.512931
500000000,800,0.10,0.415088
500000000,800,0.12,0.304890
500000000,800,0.14,0.308683
500000000,800,0.15,0.269835
500000000,800,0.16,0.276524
500000000,800,0.18,0.238648
500000000,800,0.20,0.230870
500000000,800,0.25,0.207855
500000000,800,0.30,0.171550
500000000,800,0.35,0.177896
500000000,800,0.40,0.161399
500000000,800,0.50,0.146239
500000000,800,0.60,0.144208
500000000,800,0.80,0.143731
500000000,800,1.00,0.134133
500000000,1000,0.001,39.717139
500000000,1000,0.002,49.097485
500000000,1000,0.004,41.081650
500000000,1000,0.006,30.215587
500000000,1000,0.008,21.872296
500000000,1000,0.01,9.979357
500000000,1000,0.02,2.354907
500000000,1000,0.03,1.403700
500000000,1000,0.04,0.950380
500000000,1000,0.05,0.840672
500000000,1000,0.06,0.638799
500000000,1000,0.08,0.413886
500000000,1000,0.10,0.391956
500000000,1000,0.12,0.341017
500000000,1000,0.14,0.275622
500000000,1000,0.15,0.273154
500000000,1000,0.16,0.261826
500000000,1000,0.18,0.255727
500000000,1000,0.20,0.229981
500000000,1000,0.25,0.200205
500000000,1000,0.30,0.188710
500000000,1000,0.35,0.173703
500000000,1000,0.40,0.157950
500000000,1000,0.50,0.159156
500000000,1000,0.60,0.163056
500000000,1000,0.80,0.156731
500000000,1000,1.00,0.149514
